ISO,Expenditure_per_student_secondary,Health_expenditure_per_person,pop2010,GDP2011,Per capita government expenditure on health (PPP int. $),Expenditure_per_student_tertiary,Improved_water_source,Income_per_person,Poverty_headcount_ratio_at_national_poverty_line,Present_value_of_debt,Population with sustainable access to improved sanitation (%) total,Aid_given,Gross national income per capita (PPP international $),Democracy_score,General government expenditure on health as percentage of total expenditure on health,Population annual growth rate (%),Population median age (years),Per capita government expenditure on health at average exchange rate (US$),Private expenditure on health as percentage of total expenditure on health,Healthy life expectancy (HALE) at birth (years) both sexes,Continent,Country,Gold,Silver,Bronze,,health/gm,health/sm,health/bm,,edu/gm,edu/sm,edu/bm,,ImpWater/gm,ImpWater/sm,ImpWater/bm,,Pop/gm,Pop/sm,Pop/bm,,GDP/gm/1x10^9,GDP/sm,GDP/bm,,IncomePP/gm,IncomePP/sm,IncomePP/bm,,Debt/gm,Debt/sm,Debt/bm,,Continent% of gm,Continent% of sm,Continent% of bm
AFG,,43.4,34385000,20343461030,2,39,218,233,1108,,87,254,,5.2,900,4,4,72.5,5.4,260,1,Afghanistan,0,0,1,,0,0,43.4,,0,0,39,,0,0,218,,0,0,34385000,,0,0,20.34346103,,0,0,233,,0,0,0,,25.25%,20.39%,20.22%
BGD,51,63.55,148692000,110612000000,3,74,514,546,675,16.44,80,6561,1230,2.8,2344,1.8,6,63.2,3.1,73,1,Bangladesh,0,0,0,,0,0,0,,0,0,0,,0,0,0,,0,0,0,,0,0,0,,0,0,0,,0,0,0,,25.25%,20.39%,20.22%
BTN,65,65.08,726000,1688939892,,62,16,18,46,,158,105,4000,4,65,1.8,7,31.4,4.5,75,1,Bhutan,0,0,0,,0,0,0,,0,0,0,,0,0,0,,0,0,0,,0,0,0,,0,0,0,,0,0,0,,25.25%,20.39%,20.22%
BRN,,76.92,399000,13024000000,11,99,11,11,18,106.85,,13,49900,2,70,2.1,5,20.3,1.8,10,1,Brunei,0,0,0,,0,0,0,,0,0,0,,0,0,0,,0,0,0,,0,0,0,,0,0,0,,0,0,0,,25.25%,20.39%,20.22%
MMR,88,61.53,47963000,50200000000,4,78,2213,2360,1978,35.62,223,2594,510,2.2,1396,0.9,8,83.2,2.3,114,1,Myanmar,0,0,0,,0,0,0,,0,0,0,,0,0,0,,0,0,0,,0,0,0,,0,0,0,,0,0,0,,25.25%,20.39%,20.22%
KHM,53,58.98,14139000,12875310959,2,41,450,478,432,24.66,255,949,1550,6.4,209,1.7,5,73.9,6,89,1,Cambodia,0,0,0,,0,0,0,,0,0,0,,0,0,0,,0,0,0,,0,0,0,,0,0,0,,0,0,0,,25.25%,20.39%,20.22%
CHN,69,72.73,1338300000,7298100000000,14,77,232796,250907,264460,21.92,68,25561,4660,4.7,136520,0.6,11,58,4.5,21,1,China,38,27,23,,1.9139473684,2.6937037037,3.162173913,,2.0263157895,2.8518518519,3.347826087,,6126.2105263158,8622.0740740741,10121.5652173913,,35218421.0526316,49566666.6666667,58186956.5217391,,192.0552631579,270.3,317.3086956522,,6602.8157894737,9292.8518518519,10909,,0.5768421053,0.8118518519,0.9530434783,,25.25%,20.39%,20.22%
IRN,86,,73973000,386670000000,9,94,302,322,5393,71.23,13,581,9800,7.8,13210,1.2,6,44.4,7.8,36,1,Iran,4,5,3,,0,0,0,,23.5,18.8,31.3333333333,,75.5,60.4,100.6666666667,,18493250,14794600,24657666.6666667,,96.6675,77.334,128.89,,80.5,64.4,107.3333333333,,17.8075,14.246,23.7433333333,,25.25%,20.39%,20.22%
IRQ,95,58.92,32031000,115388000000,7,81,54,57,275,,34,129,,4.1,3460,1.8,5,27.5,3.8,50,1,Iraq,0,0,0,,0,0,0,,0,0,0,,0,0,0,,0,0,0,,0,0,0,,0,0,0,,0,0,0,,25.25%,20.39%,20.22%
ISR,100,80.48,7624000,242929000000,37,100,101,110,421,104.11,6,82,23840,7.9,7726,1.7,13,34.8,7.8,6,1,Israel,0,0,0,,0,0,0,,0,0,0,,0,0,0,,0,0,0,,0,0,0,,0,0,0,,0,0,0,,25.25%,20.39%,20.22%
JPN,100,82.27,127451000,5867150000000,21,100,25214,27271,73785,76.71,21,3573,32840,8.2,95197,0,27,17.8,7.9,4,1,Japan,7,14,17,,11.7528571429,5.8764285714,4.8394117647,,14.2857142857,7.1428571429,5.8823529412,,3602,1801,1483.1764705882,,18207285.7142857,9103642.85714286,7497117.64705882,,838.1642857143,419.0821428571,345.1264705882,,3895.8571428572,1947.9285714286,1604.1764705882,,10.9585714286,5.4792857143,4.5123529412,,25.25%,20.39%,20.22%
JOR,94,72.22,6047000,28840197019,24,97,31,34,91,98.63,7,32,4820,10.5,4330,3.3,5,58,9.9,26,1,Jordan,0,0,0,,0,0,0,,0,0,0,,0,0,0,,0,0,0,,0,0,0,,0,0,0,,0,0,0,,25.25%,20.39%,20.22%
KAZ,87,66.47,16323000,186198000000,39,86,777,803,2612,71.23,169,729,8700,3.9,5612,0.7,10,35.4,3.7,33,1,Kazakhstan,7,1,5,,9.4957142857,66.47,13.294,,12.2857142857,86,17.2,,111,777,155.4,,2331857.14285714,16323000,3264600,,26.5997142857,186.198,37.2396,,114.7142857143,803,160.6,,10.1757142857,71.23,14.246,,25.25%,20.39%,20.22%
KWT,,77.42,2736000,176590000000,18,,52,54,32,101.37,19,17,48310,2.2,810,2.9,3,21.1,2.2,12,1,Kuwait,0,0,1,,0,0,77.42,,0,0,0,,0,0,52,,0,0,2736000,,0,0,176.59,,0,0,54,,0,0,101.37,,25.25%,20.39%,20.22%
KGZ,75,,5448000,5918610958,24,77,106,109,614,38.36,122,186,1790,6.1,1017,1.1,7,56.7,6.4,44,1,Kyrgyzstan,0,0,0,,0,0,0,,0,0,0,,0,0,0,,0,0,0,,0,0,0,,0,0,0,,0,0,0,,25.25%,20.39%,20.22%
LAO,67,,6201000,8297664741,4,51,320,340,48,10.96,67,159,1740,3.6,196,1.7,5,79.2,3.6,79,1,Laos,0,0,0,,0,0,0,,0,0,0,,0,0,0,,0,0,0,,0,0,0,,0,0,0,,0,0,0,,25.25%,20.39%,20.22%
LBN,100,71.75,4227000,42185230768,24,100,10,11,96,93.15,10,131,9600,8.7,3260,1.1,10,53.2,8.9,34,1,Lebanon,0,0,0,,0,0,0,,0,0,0,,0,0,0,,0,0,0,,0,0,0,,0,0,0,,0,0,0,,25.25%,20.39%,20.22%
MYS,95,73.94,28401000,278671000000,7,99,839,888,1007,112.33,60,766,12160,4.2,2160,1.8,7,54.8,4.3,13,1,Malaysia,0,1,1,,0,73.94,73.94,,0,99,99,,0,839,839,,0,28401000,28401000,,0,278.671,278.671,,0,888,888,,0,112.33,112.33,,25.25%,20.39%,20.22%
MNG,75,66.36,2756000,8557529910,26,62,646,687,290,32.88,178,92,2810,4.3,337,0.9,6,16.4,5.1,46,1,Mongolia,0,2,3,,0,33.18,22.12,,0,31,20.6666666667,,0,323,215.3333333333,,0,1378000,918666.666666667,,0,4.278764955,2.85250997,,0,343.5,229,,0,16.44,10.96,,25.25%,20.39%,20.22%
NPL,62,63.17,29959000,18884495628,2,90,185,196,502,10.96,123,1129,1010,5.8,359,2,6,69.5,5.7,60,1,Nepal,0,0,0,,0,0,0,,0,0,0,,0,0,0,,0,0,0,,0,0,0,,0,0,0,,0,0,0,,25.25%,20.39%,20.22%
PRK,117,68.3,24589122,12280000000,11,,2468,3256,7737,15912,85,17.9,,53,,48050,36,16,76.7,5,1,North Korea,4,0,2,,17.075,0,34.15,,0,0,0,,617,0,1234,,6147280.5,0,12294561,,3.07,0,6.14,,814,0,1628,,3978,0,7956,,25.25%,20.39%,20.22%
OMN,97,75.28,2783000,71781535039,17,82,52,55,101,,10,25,19740,2.5,460,1.6,4,16,2.3,12,1,Oman,0,0,0,,0,0,0,,0,0,0,,0,0,0,,0,0,0,,0,0,0,,0,0,0,,0,0,0,,25.25%,20.39%,20.22%
PAK,92,65.01,173593000,211092000000,8,91,2405,2543,1878,73.97,90,1605,2410,2.1,15790,1.8,6,83.6,2,98,1,Pakistan,0,0,0,,0,0,0,,0,0,0,,0,0,0,,0,0,0,,0,0,0,,0,0,0,,0,0,0,,25.25%,20.39%,20.22%
PHL,80,71.34,93261000,224754000000,12,85,4225,4851,1944,76.71,162,4349,3430,3.2,43220,2,6,60.4,3.3,37,1,Philippines,0,0,0,,0,0,0,,0,0,0,,0,0,0,,0,0,0,,0,0,0,,0,0,0,,0,0,0,,25.25%,20.39%,20.22%
QAT,100,75.26,1759000,172982000000,26,100,28,29,27,,41,3,,4.1,690,3.1,3,21.9,4.3,13,1,Qatar,0,0,2,,0,0,37.63,,0,0,50,,0,0,14,,0,0,879500,,0,0,86.491,,0,0,14.5,,0,0,0,,25.25%,20.39%,20.22%
SAU,100,72.49,27448000,576824000000,14,95.7,915,967,372,73.97,15,143,22300,3.4,4235,2.4,4,22.8,3.4,28,1,Saudi Arabia,0,0,1,,0,0,72.49,,0,0,95.7,,0,0,915,,0,0,27448000,,0,0,576.824,,0,0,967,,0,0,73.97,,25.25%,20.39%,20.22%
KOR,,,48875000,1116250000000,6,43.5,516.5,684.5,3226,7158,178,17.9,,85.6,,23708,32,33,0,53,1,South Korea,13,8,7,,0,0,0,,3.3461538462,5.4375,6.2142857143,,39.7307692308,64.5625,73.7857142857,,3759615.38461538,6109375,6982142.85714286,,85.8653846154,139.53125,159.4642857143,,52.6538461538,85.5625,97.7857142857,,550.6153846154,894.75,1022.5714285714,,25.25%,20.39%,20.22%
LKA,98,72,20860000,59172135299,6,79,98,103,223,84.93,48,840,3730,4.1,1245,0.5,10,50.8,4.2,15,1,Sri Lanka,0,0,0,,0,0,0,,0,0,0,,0,0,0,,0,0,0,,0,0,0,,0,0,0,,0,0,0,,25.25%,20.39%,20.22%
SYR,99,,20447000,59834000000,5,93,51,54,316,117.81,,55,4110,4.2,2306,2.7,5,52.4,3.9,16,1,Syria,0,0,0,,0,0,0,,0,0,0,,0,0,0,,0,0,0,,0,0,0,,0,0,0,,0,0,0,,25.25%,20.39%,20.22%
TJK,70,66.47,6879000,6522200291,20,59,73,72,455,41.1,83,70,1560,5,1003,1.4,5,77.4,5,74,1,Tajikistan,0,0,1,,0,0,66.47,,0,0,59,,0,0,73,,0,0,6879000,,0,0,6.522200291,,0,0,72,,0,0,41.1,,25.25%,20.39%,20.22%
THA,98,70.1,69122000,345649000000,4,99,9831,10195,1101,87.67,92,2620,7440,3.5,10459,0.7,12,35.6,3.5,8,1,Thailand,0,2,1,,0,35.05,70.1,,0,49.5,99,,0,4915.5,9831,,0,34561000,69122000,,0,172.8245,345.649,,0,5097.5,10195,,0,43.835,87.67,,25.25%,20.39%,20.22%
TUR,96,71.54,72752000,773091000000,16,96,672,713,3320,65.75,27,726,8410,7.6,23798,1.3,8,28.5,5.6,27,1,Turkey,2,2,1,,35.77,35.77,71.54,,48,48,96,,336,336,672,,36376000,36376000,72752000,,386.5455,386.5455,773.091,,356.5,356.5,713,,32.875,32.875,65.75,,25.25%,20.39%,20.22%
TKM,77,62.97,5042000,24107017544,25,72,76,75,309,27.4,66,96,3990,4.8,703,1.4,6,33.3,4.8,58,1,Turkmenistan,0,0,0,,0,0,0,,0,0,0,,0,0,0,,0,0,0,,0,0,0,,0,0,0,,0,0,0,,25.25%,20.39%,20.22%
ARE,98,78.46,7512000,360245000000,17,100,77,82,201,104.11,3,36,31190,2.6,850,3.5,2,27.1,2.6,9,1,United Arab Emirates,0,0,0,,0,0,0,,0,0,0,,0,0,0,,0,0,0,,0,0,0,,0,0,0,,0,0,0,,25.25%,20.39%,20.22%
UZB,78,67,28228000,45359432355,27,82,325,319,1383,10.96,81,379,2190,5,5194,1.4,6,49.8,4.7,51,1,Uzbekistan,1,0,3,,67,0,22.3333333333,,82,0,27.3333333333,,325,0,108.3333333333,,28228000,0,9409333.33333333,,45.359432355,0,15.119810785,,319,0,106.3333333333,,10.96,0,3.6533333333,,25.25%,20.39%,20.22%
VNM,92,73.94,86928000,123961000000,6,85,6515,6933,6104,35.62,,3334,2310,6,,1.4,8,67.6,6.6,17,1,Vietnam,0,0,0,,0,0,0,,0,0,0,,0,0,0,,0,0,0,,0,0,0,,0,0,0,,0,0,0,,25.25%,20.39%,20.22%
YEM,86,62.1,24053000,33757503322,3,67,367,388,200,65.75,,206,2090,5.1,850,3,4,53.6,4.6,103,1,Yemen,0,0,0,,0,0,0,,0,0,0,,0,0,0,,0,0,0,,0,0,0,,0,0,0,,0,0,0,,25.25%,20.39%,20.22%
ALB,99,76.23,3205000,12959563902,12,96,87,71,226,65.75,16,146,6000,6.5,1035,0.6,13,64.5,6.2,17,2,Albania,0,0,0,,0,0,0,,0,0,0,,0,0,0,,0,0,0,,0,0,0,,0,0,0,,0,0,0,,44.85%,50.00%,48.60%
ARM,96,71.82,3092000,10247788877,37,92,77,75,396,57.53,73,130,4950,5.4,1255,-0.3,14,58.8,4.7,26,2,Armenia,0,1,2,,0,71.82,35.91,,0,92,46,,0,77,38.5,,0,3092000,1546000,,0,10.247788877,5.1238944385,,0,75,37.5,,0,57.53,28.765,,44.85%,50.00%,48.60%
AUT,100,79.66,8390000,418484000000,37,100,453,493,866,123.29,11,295,36040,10.2,4467,0.4,22,23,9.9,5,2,Austria,0,0,0,,0,0,0,,0,0,0,,0,0,0,,0,0,0,,0,0,0,,0,0,0,,0,0,0,,44.85%,50.00%,48.60%
AZE,73,67.33,9054000,63403650746,36,77,103,103,1161,43.84,72,113,5430,3.9,2431,0.6,9,69.1,3.4,93,2,Azerbaijan,2,2,6,,33.665,33.665,11.2216666667,,38.5,38.5,12.8333333333,,51.5,51.5,17.1666666667,,4527000,4527000,1509000,,31.701825373,31.701825373,10.5672751243,,51.5,51.5,17.1666666667,,21.92,21.92,7.3066666667,,44.85%,50.00%,48.60%
BLR,93,68.87,9490000,55136144037,48,100,261,295,2458,90.41,54,436,9700,6.6,4647,-0.5,18,25.1,6.4,9,2,Belarus,2,5,5,,34.435,13.774,13.774,,50,20,20,,130.5,52.2,52.2,,4745000,1898000,1898000,,27.5680720185,11.0272288074,11.0272288074,,147.5,59,59,,45.205,18.082,18.082,,44.85%,50.00%,48.60%
BREL,,79.2,10896000,511533000000,42,,406,353,823,150.69,10,326,33860,9.6,8305,0.3,22,28.9,9.5,5,2,Belgium,0,1,2,,0,79.2,39.6,,0,0,0,,0,406,203,,0,10896000,5448000,,0,511.533,255.7665,,0,353,176.5,,0,150.69,75.345,,44.85%,50.00%,48.60%
BIH,99,74.66,3760000,18088238053,14,97,165,140,452,73.97,54,227,6780,8.8,629,0.3,19,42.8,8.3,17,2,Bosnia and Herzegovina,0,0,0,,0,0,0,,0,0,0,,0,0,0,,0,0,0,,0,0,0,,0,0,0,,0,0,0,,44.85%,50.00%,48.60%
BGR,100,72.52,7534000,53514098360,36.6,99,473,304,1263,79.45,42,506,10270,7.7,6512,-0.7,23,40.2,6.9,13,2,Bulgaria,0,1,1,,0,72.52,72.52,,0,99,99,,0,473,473,,0,7534000,7534000,,0,53.51409836,53.51409836,,0,304,304,,0,79.45,79.45,,44.85%,50.00%,48.60%
HRV,100,75.53,4418000,63850068202,25,100,247,246,799,164.38,23,209,13850,7.4,3230,0.1,22,19.9,7.5,6,2,Croatia,3,1,2,,25.1766666667,75.53,37.765,,33.3333333333,100,50,,82.3333333333,247,123.5,,1472666.66666667,4418000,2209000,,21.2833560673,63.850068202,31.925034101,,82,246,123,,54.7933333333,164.38,82.19,,44.85%,50.00%,48.60%
CYP,100,79.02,659350,24689602446,23,100,18,19,35,128.77,4,25,25060,6,715,1.1,17,55.2,6.3,5,2,Cyprus,0,1,0,,0,79.02,0,,0,100,0,,0,18,0,,0,659350,0,,0,24.689602446,0,,0,19,0,,0,128.77,0,,44.85%,50.00%,48.60%
CZE,99,,10520000,215215000000,36,100,575,533,1106,142.47,,476,20920,7.1,6933,0,20,12.1,6.8,5,2,Czech Republic,4,3,3,,0,0,0,,25,33.3333333333,33.3333333333,,143.75,191.6666666667,191.6666666667,,2630000,3506666.66666667,3506666.66666667,,53.80375,71.7383333333,71.7383333333,,133.25,177.6666666667,177.6666666667,,35.6175,47.49,47.49,,44.85%,50.00%,48.60%
DNK,,78.32,5547000,332677000000,36,100,152,187,342,158.9,7,230,36190,9.1,4530,0.2,22,16,9.5,5,2,Denmark,2,4,3,,39.16,19.58,26.1066666667,,50,25,33.3333333333,,76,38,50.6666666667,,2773500,1386750,1849000,,166.3385,83.16925,110.8923333333,,93.5,46.75,62.3333333333,,79.45,39.725,52.9666666667,,44.85%,50.00%,48.60%
EST,97,72.96,1340000,22184722472,33,100,32,38,266,167.12,36,74,18090,5,1175,-0.3,22,25.8,5,7,2,Estonia,0,1,1,,0,72.96,72.96,,0,100,100,,0,32,32,,0,1340000,1340000,,0,22.184722472,22.184722472,,0,38,38,,0,167.12,167.12,,44.85%,50.00%,48.60%
FIN,100,79.09,5364000,266071000000,33,100,175,138,387,93.15,6,81,33170,7.5,4490,0.3,22,21.5,7.6,4,2,Finland,0,1,2,,0,79.09,39.545,,0,100,50,,0,175,87.5,,0,5364000,2682000,,0,266.071,133.0355,,0,138,69,,0,93.15,46.575,,44.85%,50.00%,48.60%
FRA,,80.5,64895000,2773030000000,34,100,5498,4767,4925,109.59,8,1647,32240,11.1,41374,0.6,21,20.3,11.1,5,2,France,11,11,12,,7.3181818182,7.3181818182,6.7083333333,,9.0909090909,9.0909090909,8.3333333333,,499.8181818182,499.8181818182,458.1666666667,,5899545.45454545,5899545.45454545,5407916.66666667,,252.0936363636,252.0936363636,231.0858333333,,433.3636363636,433.3636363636,397.25,,9.9627272727,9.9627272727,9.1325,,44.85%,50.00%,48.60%
GEO,96,70.86,4452000,14366566609,47,82,253,246,636,90.41,101,225,3880,8.6,1269,-0.9,18,78.5,8.4,33,2,Georgia,1,3,3,,70.86,23.62,23.62,,82,27.3333333333,27.3333333333,,253,84.3333333333,84.3333333333,,4452000,1484000,1484000,,14.366566609,4.7888555363,4.7888555363,,246,82,82,,90.41,30.1366666667,30.1366666667,,44.85%,50.00%,48.60%
DEU,100,79.46,81777000,3570560000000,34,100,3474,2843,10558,123.29,7,2967,32680,10.7,65683,0,25,23.4,10.4,5,2,Germany,11,19,14,,7.2236363636,4.1821052632,5.6757142857,,9.0909090909,5.2631578947,7.1428571429,,315.8181818182,182.8421052632,248.1428571429,,7434272.72727273,4304052.63157895,5841214.28571429,,324.5963636364,187.9242105263,255.04,,258.4545454545,149.6315789474,203.0714285714,,11.2081818182,6.4889473684,8.8064285714,,44.85%,50.00%,48.60%
GRC,,79.18,11316000,298734000000,50,,1166,1265,1151,95.89,6,239,30870,10.1,13438,0.2,23,57.5,9.9,4,2,Greece,0,0,2,,0,0,39.59,,0,0,0,,0,0,583,,0,0,5658000,,0,0,149.367,,0,0,632.5,,0,0,47.945,,44.85%,50.00%,48.60%
HUN,100,72.97,10000000,140029000000,30,99,550,677,1453,123.29,18,551,16970,7.8,4997,-0.3,21,29.2,7.6,8,2,Hungary,8,4,5,,9.12125,18.2425,14.594,,12.375,24.75,19.8,,68.75,137.5,110,,1250000,2500000,2000000,,17.503625,35.00725,28.0058,,84.625,169.25,135.4,,15.41125,30.8225,24.658,,44.85%,50.00%,48.60%
ISL,100,81.43,318000,14059073613,38,100,8,3,24,153.43,3,10,33740,9.5,286,0.9,16,16.9,9.3,3,2,Iceland,0,0,0,,0,0,0,,0,0,0,,0,0,0,,0,0,0,,0,0,0,,0,0,0,,0,0,0,,44.85%,50.00%,48.60%
IRL,,78.61,4475000,217275000000,29,,84,54,290,115.07,9,88,34730,8.2,2414,1.9,15,21.7,7.5,5,2,Ireland,1,1,3,,78.61,78.61,26.2033333333,,0,0,0,,84,84,28,,4475000,4475000,1491666.66666667,,217.275,217.275,72.425,,54,54,18,,115.07,115.07,38.3566666667,,44.85%,50.00%,48.60%
ITA,,80.86,60483000,2194750000000,37,,6804,8267,9850,84.93,7,1186,28970,8.9,37000,0.2,26,22.9,9,4,2,Italy,8,9,11,,10.1075,8.9844444444,7.3509090909,,0,0,0,,850.5,756,618.5454545455,,7560375,6720333.33333333,5498454.54545455,,274.34375,243.8611111111,199.5227272727,,1033.375,918.5555555556,751.5454545455,,10.61625,9.4366666667,7.7209090909,,44.85%,50.00%,48.60%
LVA,82,71.25,2239000,28252498853,31,99,68,57,374,93.15,61,165,14840,6.4,1561,-0.6,22,36.8,6,10,2,Latvia,1,0,1,,71.25,0,71.25,,99,0,99,,68,0,68,,2239000,0,2239000,,28.252498853,0,28.252498853,,57,0,57,,93.15,0,93.15,,44.85%,50.00%,48.60%
LTU,,71.56,3287000,42725404055,40,,88,73,589,106.85,62,256,14550,5.9,2249,-0.5,21,30,6.2,9,2,Lithuania,2,1,2,,35.78,71.56,35.78,,0,0,0,,44,88,44,,1643500,3287000,1643500,,21.3627020275,42.725404055,21.3627020275,,36.5,73,36.5,,53.425,106.85,53.425,,44.85%,50.00%,48.60%
LUX,,79.57,507000,59474583333,27,100,18,14,45,,8,13,60870,7.7,343,1,19,9.4,7.2,4,2,Luxembourg,0,0,0,,0,0,0,,0,0,0,,0,0,0,,0,0,0,,0,0,0,,0,0,0,,0,0,0,,44.85%,50.00%,48.60%
MKD,,,2060000,10165373218,26,,93,86,354,95.89,29,99,7850,7.8,1175,0.1,16,28.4,8.2,19,2,Macedonia,0,0,0,,0,0,0,,0,0,0,,0,0,0,,0,0,0,,0,0,0,,0,0,0,,0,0,0,,44.85%,50.00%,48.60%
MLT,100,79.23,416000,8886572143,39,100,11,10,40,131.51,5,6,20990,8.4,190,0.5,19,22.3,8.3,7,2,Malta,0,0,0,,0,0,0,,0,0,0,,0,0,0,,0,0,0,,0,0,0,,0,0,0,,0,0,0,,44.85%,50.00%,48.60%
MDA,86,68.63,3562000,7000318677,27,92,181,244,447,82.19,133,220,2660,7.5,1521,-1.1,15,43.6,7.8,23,2,Moldova,0,0,2,,0,0,34.315,,0,0,46,,0,0,90.5,,0,0,1781000,,0,0,3.5001593385,,0,0,122,,0,0,41.095,,44.85%,50.00%,48.60%
MNE,,,632000,4550463278,20,,,,,,,,8930,,263,-1.1,18,20.5,6.8,11,2,Montenegro,0,1,0,,0,0,0,,0,0,0,,0,0,0,,0,632000,0,,0,4.550463278,0,,0,0,0,,0,0,0,,44.85%,50.00%,48.60%
NLD,100,79.65,16616000,836257000000,37,100,298,207,1498,142.47,7,307,37940,9.2,7994,0.3,20,18.2,9.3,6,2,Netherlands,6,6,8,,13.275,13.275,9.95625,,16.6666666667,16.6666666667,12.5,,49.6666666667,49.6666666667,37.25,,2769333.33333333,2769333.33333333,2077000,,139.3761666667,139.3761666667,104.532125,,34.5,34.5,25.875,,23.745,23.745,17.80875,,44.85%,50.00%,48.60%
NOR,,80.29,4889000,485803000000,38,100,70,85,381,120.55,6,125,50070,9,4126,0.6,20,16.4,8.7,5,2,Norway,2,1,1,,40.145,80.29,80.29,,50,100,100,,35,70,70,,2444500,4889000,4889000,,242.9015,485.803,485.803,,42.5,85,85,,60.275,120.55,120.55,,44.85%,50.00%,48.60%
POL,,75.15,38184000,514496000000,20,,1045,851,4962,123.29,21,2278,14250,6.2,11881,-0.1,17,30.1,6.2,8,2,Poland,2,2,6,,37.575,37.575,12.525,,0,0,0,,522.5,522.5,174.1666666667,,19092000,19092000,6364000,,257.248,257.248,85.7493333333,,425.5,425.5,141.8333333333,,61.645,61.645,20.5483333333,,44.85%,50.00%,48.60%
PRT,,78.18,10638000,237522000000,34,,434,428,2092,93.15,31,378,19960,10.2,6149,0.5,22,28.2,10,5,2,Portugal,0,1,0,,0,78.18,0,,0,0,0,,0,434,0,,0,10638000,0,,0,237.522,0,,0,428,0,,0,93.15,0,,44.85%,50.00%,48.60%
ROU,89,72.19,21438000,179794000000,19,57,1373,1542,2736,71.23,121,2094,10150,5.5,4360,-0.4,19,29,5.7,18,2,Romania,2,5,2,,36.095,14.438,36.095,,28.5,11.4,28.5,,686.5,274.6,686.5,,10719000,4287600,10719000,,89.897,35.9588,89.897,,771,308.4,771,,35.615,14.246,35.615,,44.85%,50.00%,48.60%
RUS,93,,141750000,1857770000000,43,97,4653,3712,29633,120.55,,7784,12740,5.2,45628,-0.5,17,36.8,5.3,15,2,Russia,24,26,32,,0,0,0,,4.0416666667,3.7307692308,3.03125,,193.875,178.9615384615,145.40625,,5906250,5451923.07692308,4429687.5,,77.4070833333,71.4526923077,58.0553125,,154.6666666667,142.7692307692,116,,5.0229166667,4.6365384615,3.7671875,,44.85%,50.00%,48.60%
SRB,,,7291000,45043430299,20,,,,,,,,9320,,2479,-0.1,19,29,7.6,9,2,Republic of Serbia,1,1,2,,0,0,0,,0,0,0,,0,0,0,,7291000,7291000,3645500,,45.043430299,45.043430299,22.5217151495,,0,0,0,,0,0,0,,44.85%,50.00%,48.60%
SVK,100,74.19,5430000,95994147901,31,100,211,208,664,84.93,,242,17060,7,2441,0,16,26.1,7,9,2,Slovakia,0,1,3,,0,74.19,24.73,,0,100,33.3333333333,,0,211,70.3333333333,,0,5430000,1810000,,0,95.994147901,31.9980493003,,0,208,69.3333333333,,0,84.93,28.31,,44.85%,50.00%,48.60%
SVN,,77.6,2049000,49539271105,24,,93,74,295,41.1,13,79,23970,8.5,1198,0.1,21,27,8.4,4,2,Slovenia,1,1,2,,77.6,77.6,38.8,,0,0,0,,93,93,46.5,,2049000,2049000,1024500,,49.539271105,49.539271105,24.7696355525,,74,74,37,,41.1,41.1,20.55,,44.85%,50.00%,48.60%
ESP,100,80.28,46071000,1490810000000,33,100,2898,3027,5161,93.15,17,739,28200,8.2,23300,1.1,22,27.5,8.1,5,2,Spain,3,10,4,,26.76,8.028,20.07,,33.3333333333,10,25,,966,289.8,724.5,,15357000,4607100,11517750,,496.9366666667,149.081,372.7025,,1009,302.7,756.75,,31.05,9.315,23.2875,,44.85%,50.00%,48.60%
SWE,100,80.75,9378000,538131000000,33,100,348,298,659,128.77,6,249,34310,8.9,7270,0.4,24,18.8,8.9,4,2,Sweden,1,4,3,,80.75,20.1875,26.9166666667,,100,25,33.3333333333,,348,87,116,,9378000,2344500,3126000,,538.131,134.53275,179.377,,298,74.5,99.3333333333,,128.77,32.1925,42.9233333333,,44.85%,50.00%,48.60%
CHE,100,81.44,7826000,635650000000,40,100,378,379,678,164.38,7,108,40840,11.4,3847,0.4,21,39.7,11.3,6,2,Switzerland,2,2,0,,40.72,40.72,0,,50,50,0,,189,189,0,,3913000,3913000,0,,317.825,317.825,0,,189.5,189.5,0,,82.19,82.19,0,,44.85%,50.00%,48.60%
GBR,,79.19,62232000,2431590000000,23,100,1369,1589,6311,112.33,14,1529,33650,8.2,58729,0.4,22,12.6,8.4,6,2,UK,29,17,19,,2.7306896552,4.6582352941,4.1678947368,,3.4482758621,5.8823529412,5.2631578947,,47.2068965517,80.5294117647,72.0526315789,,2145931.03448276,3660705.88235294,3275368.42105263,,83.8479310345,143.0347058824,127.9784210526,,54.7931034483,93.4705882353,83.6315789474,,3.8734482759,6.6076470588,5.9121052632,,44.85%,50.00%,48.60%
UKR,98,67.31,45871000,165245000000,31,96,1320,1282,9145,120.55,84,2578,6110,7,19169,-0.8,21,45,7,27,2,Ukraine,6,5,9,,11.2183333333,13.462,7.4788888889,,16,19.2,10.6666666667,,220,264,146.6666666667,,7645166.66666667,9174200,5096777.77777778,,27.5408333333,33.049,18.3605555556,,213.6666666667,256.4,142.4444444444,,20.0916666667,24.11,13.3944444444,,44.85%,50.00%,48.60%
DZA,99,71.97,35468000,188681000000,11,85,70,72,603,84.93,65,1391,5940,3.5,9553,1.5,7,22.7,3.6,41,3,Algeria,1,0,0,,71.97,0,0,,85,0,0,,70,0,0,,35468000,0,0,,188.681,0,0,,72,0,0,,84.93,0,0,,3.65%,3.95%,3.09%
AGO,56,42.3,19082000,100990000000,,53,202,206,455,35.62,231,926,3890,1.8,222,2.8,4,13.4,2.7,276,3,Angola,0,0,0,,0,0,0,,0,0,0,,0,0,0,,0,0,0,,0,0,0,,0,0,0,,0,0,0,,3.65%,3.95%,3.09%
BEN,59,56.15,8850000,7294865847,,67,273,279,55,16.44,39,448,1250,5.4,12,3.1,4,46.7,5.3,148,3,Benin,0,0,0,,0,0,0,,0,0,0,,0,0,0,,0,0,0,,0,0,0,,0,0,0,,0,0,0,,3.65%,3.95%,3.09%
BWA,57,49.7,2007000,17627441191,4,95,16,16,13,68.49,548,126,11730,7,38,1.2,5,23.3,7.2,128,3,Botswana,0,1,0,,0,49.7,0,,0,95,0,,0,16,0,,0,2007000,0,,0,17.627441191,0,,0,16,0,,0,68.49,0,,3.65%,3.95%,3.09%
BFA,42,51.88,16468000,10187211704,,61,779,795,61,16.44,25,724,1130,6.7,58,3,4,43.1,6.4,206,3,Burkina Faso,0,0,0,,0,0,0,,0,0,0,,0,0,0,,0,0,0,,0,0,0,,0,0,0,,0,0,0,,3.65%,3.95%,3.09%
BDI,47,49.03,8382000,2325972144,,79,307,314,105,5.48,84,722,320,3.4,14,3.9,4,75.4,3,186,3,Burundi,0,0,0,,0,0,0,,0,0,0,,0,0,0,,0,0,0,,0,0,0,,0,0,0,,0,0,0,,3.65%,3.95%,3.09%
CMR,58,50.29,19599000,25464850391,2,66,1869,1899,22,27.4,121,1419,2060,5.2,147,2.1,5,71.9,5.2,155,3,Cameroon,0,0,0,,0,0,0,,0,0,0,,0,0,0,,0,0,0,,0,0,0,,0,0,0,,0,0,0,,3.65%,3.95%,3.09%
CAF,47,,4401000,2165868600,,75,323,327,143,21.92,,306,690,4,13,1.7,6,64.4,3.9,174,3,Central African Republic,0,0,0,,0,0,0,,0,0,0,,0,0,0,,0,0,0,,0,0,0,,0,0,0,,0,0,0,,3.65%,3.95%,3.09%
TCD,24,50.62,11227000,9485741541,,42,637,648,276,19.18,62,555,1170,3.7,15,3.1,5,64.4,3.6,214,3,Chad,0,0,0,,0,0,0,,0,0,0,,0,0,0,,0,0,0,,0,0,0,,0,0,0,,0,0,0,,3.65%,3.95%,3.09%
COG,,1.3,4043000,14748024198,,28,85,89,11,16,409,30.5,84.4,47.1,124,3689,19,2,0,121,3,Congo,0,0,0,,0,0,0,,0,0,0,,0,0,0,,0,0,0,,0,0,0,,0,0,0,,0,0,0,,3.65%,3.95%,3.09%
COD,,0.2,65965000,15642236881,,42,2951,3003,2762,2339,397,25.1,67.2,34.6,,60644,16,1,0,193,3,Democratic Republic of Congo,0,0,0,,0,0,0,,0,0,0,,0,0,0,,0,0,0,,0,0,0,,0,0,0,,0,0,0,,3.65%,3.95%,3.09%
DJI,66,54.44,889000,1140000000,2,54.75,17.5,18,12,76.71,387,90,2180,6.2,60,1.8,5,24.6,6.7,143,3,Djibouti,0,0,0,,0,0,0,,0,0,0,,0,0,0,,0,0,0,,0,0,0,,0,0,0,,0,0,0,,3.65%,3.95%,3.09%
EGY,86,,81121000,229531000000,24,98,1314,1332,787,76.71,16,2178,4940,6.1,25170,1.8,7,59.3,6.3,37,3,Egypt,0,2,0,,0,0,0,,0,49,0,,0,657,0,,0,40560500,0,,0,114.7655,0,,0,666,0,,0,38.355,0,,3.65%,3.95%,3.09%
GNQ,60,51.02,700000,19789801404,3,43,41,42,18,,113,37,16620,1.7,15,2.4,6,21.7,1.5,213,3,Equatorial Guinea,0,0,0,,0,0,0,,0,0,0,,0,0,0,,0,0,0,,0,0,0,,0,0,0,,0,0,0,,3.65%,3.95%,3.09%
ERI,32,57.34,5254000,2608715447,,60,224,227,76,13.7,78,438,680,3.7,16,3.6,4,62.7,4.5,80,3,Eritrea,0,0,0,,0,0,0,,0,0,0,,0,0,0,,0,0,0,,0,0,0,,0,0,0,,0,0,0,,3.65%,3.95%,3.09%
ETH,44,52.39,82950000,31708848033,,22,3580,3639,1307,10.96,157,6081,630,4.9,93,2.5,5,39.6,4.9,132,3,Ethiopia,3,1,3,,17.4633333333,52.39,17.4633333333,,7.3333333333,22,7.3333333333,,1193.3333333333,3580,1193.3333333333,,27650000,82950000,27650000,,10.569616011,31.708848033,10.569616011,,1213,3639,1213,,3.6533333333,10.96,3.6533333333,,3.65%,3.95%,3.09%
GAB,37,56.74,1505000,17051616749,3,88,60,61,9,46.58,195,135,11180,4.1,66,1.5,7,21.3,3.7,102,3,Gabon,0,1,0,,0,56.74,0,,0,88,0,,0,60,0,,0,1505000,0,,0,17.051616749,0,,0,61,0,,0,46.58,0,,3.65%,3.95%,3.09%
GMB,72,,1729000,1109306596,1,82,220,224,9,73.97,126,124,1110,5.2,43,2.8,6,41.7,4.3,121,3,Gambia,0,0,0,,0,0,0,,0,0,0,,0,0,0,,0,0,0,,0,0,0,,0,0,0,,0,0,0,,3.65%,3.95%,3.09%
GHA,27,59.63,24392000,39199656051,2,75,960,978,198,19.18,54,1572,1240,6.2,393,2.1,6,63.5,6.2,121,3,Ghana,0,0,0,,0,0,0,,0,0,0,,0,0,0,,0,0,0,,0,0,0,,0,0,0,,0,0,0,,3.65%,3.95%,3.09%
GIN,31,55.42,9982000,5131221608,1,50,920,937,134,27.4,76,1138,1130,5.6,60,2,5,87.7,5.7,172,3,Guinea,0,0,0,,0,0,0,,0,0,0,,0,0,0,,0,0,0,,0,0,0,,0,0,0,,0,0,0,,3.65%,3.95%,3.09%
GNB,57,46.17,1515000,973427456.5,1,59,58,60,13,16.44,111,99,460,5.2,22,3,5,75.3,6.2,220,3,Guinea Bissau,0,0,0,,0,0,0,,0,0,0,,0,0,0,,0,0,0,,0,0,0,,0,0,0,,0,0,0,,3.65%,3.95%,3.09%
CIV,46,47.95,19738000,24074625536,1,84,727,740,227,32.88,,1192,1580,3.9,339,1.8,5,77,3.8,148,3,Ivory Coast,0,0,0,,0,0,0,,0,0,0,,0,0,0,,0,0,0,,0,0,0,,0,0,0,,0,0,0,,3.65%,3.95%,3.09%
KEN,46,53.33,40513000,33620684016,1,61,813,827,801,54.8,288,2111,1470,4.5,1340,2.6,4,51.8,4.6,130,3,Kenya,2,4,5,,26.665,13.3325,10.666,,30.5,15.25,12.2,,406.5,203.25,162.6,,20256500,10128250,8102600,,16.810342008,8.405171004,6.7241368032,,413.5,206.75,165.4,,27.4,13.7,10.96,,3.65%,3.95%,3.09%
LSO,61,43.09,2171000,2426200017,,79,154,156,32,41.1,545,391,1810,9.4,16,0.7,7,38.4,6.7,140,3,Lesotho,0,0,0,,0,0,0,,0,0,0,,0,0,0,,0,0,0,,0,0,0,,0,0,0,,0,0,0,,3.65%,3.95%,3.09%
LBR,49,45.2,3994000,1161000000,,61,101,104,28,10.96,100,256,260,6.4,13,3.9,4,36.1,5.6,249,3,Liberia,0,0,0,,0,0,0,,0,0,0,,0,0,0,,0,0,0,,0,0,0,,0,0,0,,0,0,0,,3.65%,3.95%,3.09%
LBY,97,73.65,6355000,71950000000,13,71,89,89,78,90.41,,175,11630,3.2,850,2,6,29.8,2.9,18,3,Libya,0,0,0,,0,0,0,,0,0,0,,0,0,0,,0,0,0,,0,0,0,,0,0,0,,0,0,0,,3.65%,3.95%,3.09%
MDG,48,58.9,20714000,9946995390,3,46,933,949,318,21.92,102,1795,870,3.2,410,2.7,5,37.2,3.2,121,3,Madagascar,0,0,0,,0,0,0,,0,0,0,,0,0,0,,0,0,0,,0,0,0,,0,0,0,,0,0,0,,3.65%,3.95%,3.09%
MWI,62,47.48,14901000,5700383783,,73,180,183,61,24.66,193,1405,690,12.2,,2.6,5,27.9,12.3,126,3,Malawi,0,0,0,,0,0,0,,0,0,0,,0,0,0,,0,0,0,,0,0,0,,0,0,0,,0,0,0,,3.65%,3.95%,3.09%
MLI,59,53.8,15370000,10589925352,,50,973,988,504,30.14,40,1076,1000,5.8,84,3,5,48.3,6,228,3,Mali,0,0,0,,0,0,0,,0,0,0,,0,0,0,,0,0,0,,0,0,0,,0,0,0,,0,0,0,,3.65%,3.95%,3.09%
MRT,49,63.68,3460000,4075675053,1,53,126,127,25,109.59,73,209,1970,2.7,64,2.7,5,31.4,2.2,134,3,Mauritania,0,0,0,,0,0,0,,0,0,0,,0,0,0,,0,0,0,,0,0,0,,0,0,0,,0,0,0,,3.65%,3.95%,3.09%
MAR,88,70.78,31951000,100221000000,5,81,120,121,579,98.63,86,1247,3860,5.3,3091,1.2,8,64.1,5.1,41,3,Morocco,0,0,1,,0,0,70.78,,0,0,81,,0,0,120,,0,0,31951000,,0,0,100.221,,0,0,121,,0,0,98.63,,3.65%,3.95%,3.09%
MOZ,53,42.57,23390000,12797754231,,43,3759,3810,39,19.18,162,1654,660,4.3,159,2.1,5,30.6,4.7,140,3,Mozambique,0,0,0,,0,0,0,,0,0,0,,0,0,0,,0,0,0,,0,0,0,,0,0,0,,0,0,0,,3.65%,3.95%,3.09%
NAM,50,52.55,2283000,12300698895,3,87,15,16,13,84.93,739,109,4770,5.3,113,1.3,5,35.6,4.9,67,3,Namibia,0,0,0,,0,0,0,,0,0,0,,0,0,0,,0,0,0,,0,0,0,,0,0,0,,0,0,0,,3.65%,3.95%,3.09%
NER,43,56.27,15512000,6016960988,,46,437,445,48,16.44,59,532,630,3.8,15,3.5,5,47.3,4,257,3,Niger,0,0,0,,0,0,0,,0,0,0,,0,0,0,,0,0,0,,0,0,0,,0,0,0,,0,0,0,,3.65%,3.95%,3.09%
NGA,53,46.8,158423000,235923000000,3,48,3536,3595,617,30.14,44,8030,1410,3.9,2482,2.4,5,69.9,4.1,196,3,Nigeria,0,0,0,,0,0,0,,0,0,0,,0,0,0,,0,0,0,,0,0,0,,0,0,0,,0,0,0,,3.65%,3.95%,3.09%
RWA,56,45.53,10624000,6377408665,,74,825,839,286,5.48,78,878,730,7.2,21,2.5,4,36.3,10.4,165,3,Rwanda,0,0,0,,0,0,0,,0,0,0,,0,0,0,,0,0,0,,0,0,0,,0,0,0,,0,0,0,,3.65%,3.95%,3.09%
SEN,79,62.7,12434000,14291456855,,76,901,918,125,38.36,83,640,1560,5.4,97,2.5,6,68.5,5.4,123,3,Senegal,0,0,0,,0,0,0,,0,0,0,,0,0,0,,0,0,0,,0,0,0,,0,0,0,,0,0,0,,3.65%,3.95%,3.09%
SLE,53,42.18,5867000,2242960927,,57,212,216,43,10.96,121,362,610,3.7,5,2.8,5,51,3.5,286,3,Sierra Leone,0,0,0,,0,0,0,,0,0,0,,0,0,0,,0,0,0,,0,0,0,,0,0,0,,0,0,0,,3.65%,3.95%,3.09%
SOM,48,47.6,9331000,1071000000,,29,458,465,155,,157,906,,2.6,15,3,4,55.4,2.6,144,3,Somalia,0,0,0,,0,0,0,,0,0,0,,0,0,0,,0,0,0,,0,0,0,,0,0,0,,0,0,0,,3.65%,3.95%,3.09%
ZAF,79,50.35,49991000,408237000000,8,88,786,827,1113,90.41,564,3681,8900,8.7,5995,0.7,7,58.1,8.6,72,3,South Africa,3,2,1,,16.7833333333,25.175,50.35,,29.3333333333,44,88,,262,393,786,,16663666.6666667,24995500,49991000,,136.079,204.1185,408.237,,275.6666666667,413.5,827,,30.1366666667,45.205,90.41,,3.65%,3.95%,3.09%
SDN,50,58.01,43552000,55097394769,3,70,622,629,293,57.53,75,1354,1780,3.8,944,2.2,6,62.9,3.8,84,3,Sudan,0,0,0,,0,0,0,,0,0,0,,0,0,0,,0,0,0,,0,0,0,,0,0,0,,0,0,0,,3.65%,3.95%,3.09%
SWZ,59,40.68,1056000,3977754360,2,62,57,57,11,136.99,717,150,4700,6.3,32,0.8,5,38,5.9,173,3,Swaziland,0,0,0,,0,0,0,,0,0,0,,0,0,0,,0,0,0,,0,0,0,,0,0,0,,0,0,0,,3.65%,3.95%,3.09%
TZA,53,51.8,44841000,23705302063,,62,888,905,561,19.18,159,6009,980,5.1,267,2.5,5,40.8,5.5,120,3,United Republic of Tanzania,0,0,0,,0,0,0,,0,0,0,,0,0,0,,0,0,0,,0,0,0,,0,0,0,,0,0,0,,3.65%,3.95%,3.09%
TGO,71,58.21,6028000,3594513925,,52,210,214,43,16.44,41,349,770,5.3,19,2.7,5,72.2,5.5,122,3,Togo,0,0,0,,0,0,0,,0,0,0,,0,0,0,,0,0,0,,0,0,0,,0,0,0,,0,0,0,,3.65%,3.95%,3.09%
TUN,96,73.7,10549000,45863804800,13,93,99,100,208,95.89,21,229,6490,5.5,2452,1.1,9,56.3,5.3,25,3,Tunisia,1,1,1,,73.7,73.7,73.7,,93,93,93,,99,99,99,,10549000,10549000,10549000,,45.8638048,45.8638048,45.8638048,,100,100,100,,95.89,95.89,95.89,,3.65%,3.95%,3.09%
UGA,54,50.61,33424000,16809623489,,60,362,369,339,24.66,142,1932,880,7,363,3.2,4,73.1,7.2,140,3,Uganda,1,0,0,,50.61,0,0,,60,0,0,,362,0,0,,33424000,0,0,,16.809623489,0,0,,369,0,0,,24.66,0,0,,3.65%,3.95%,3.09%
ZAM,59,41.59,12927000,19206011889,1,58,527,535,208,46.58,432,1340,1140,5.6,491,1.9,5,53.2,5.2,190,3,Zambia,0,0,0,,0,0,0,,0,0,0,,0,0,0,,0,0,0,,0,0,0,,0,0,0,,0,0,0,,3.65%,3.95%,3.09%
ZWE,63,42.61,12571000,9900000000,2,81,774,783,308,104.11,385,1492,,8.1,310,0.8,5,47.4,8.4,90,3,Zimbabwe,0,0,0,,0,0,0,,0,0,0,,0,0,0,,0,0,0,,0,0,0,,0,0,0,,0,0,0,,3.65%,3.95%,3.09%
BHS,100,,343000,7787514000,11,97,5,4,18,126.03,17,9,,6.7,21,1.2,10,48.9,6.9,16,4,The Bahamas,1,0,0,,0,0,0,,97,0,0,,5,0,0,,343000,0,0,,7.787514,0,0,,4,0,0,,126.03,0,0,,19.93%,15.13%,16.01%
BLZ,71,75.99,345000,1474000000,11,91,4,2,18,136.99,37,16,7080,4.9,32,2.2,6,40.5,5.3,18,4,Belize,0,0,0,,0,0,0,,0,0,0,,0,0,0,,0,0,0,,0,0,0,,0,0,0,,0,0,0,,19.93%,15.13%,16.01%
BMU,,,64600,6015000000,,,,,,104.11,5,,,,,,,,,,4,Bermuda,0,0,0,,0,0,0,,0,0,0,,0,0,0,,0,0,0,,0,0,0,,0,0,0,,0,0,0,,19.93%,15.13%,16.01%
CAN,100,80.36,34126000,1736050000000,19,100,845,855,2027,172.6,5,581,36280,9.7,38310,0.9,18,29.6,10,6,4,Canada,1,5,12,,80.36,16.072,6.6966666667,,100,20,8.3333333333,,845,169,70.4166666667,,34126000,6825200,2843833.33333333,,1736.05,347.21,144.6708333333,,855,171,71.25,,172.6,34.52,14.3833333333,,19.93%,15.13%,16.01%
CRI,89,78.62,4659000,41006959585,13,97,103,86,633,156.16,12,210,9220,7.1,1905,1.6,8,23.9,7,13,4,Costa Rica,0,0,0,,0,0,0,,0,0,0,,0,0,0,,0,0,0,,0,0,0,,0,0,0,,0,0,0,,19.93%,15.13%,16.01%
CUB,99,77.99,11258000,64100000000,59,91,300,305,498,117.81,7,567,,7.6,9841,0.1,16,9.3,7.1,7,4,Cuba,5,3,6,,15.598,25.9966666667,12.9983333333,,18.2,30.3333333333,15.1666666667,,60,100,50,,2251600,3752666.66666667,1876333.33333333,,12.82,21.3666666667,10.6833333333,,61,101.6666666667,50.8333333333,,23.562,39.27,19.635,,19.93%,15.13%,16.01%
DOM,81,,9927000,55611245616,19,95,328,236,386,109.59,,562,5550,5.4,7000,1.5,8,68.8,6,31,4,Dominican Republic,1,1,0,,0,0,0,,95,95,0,,328,328,0,,9927000,9927000,0,,55.611245616,55.611245616,0,,236,236,0,,109.59,109.59,0,,19.93%,15.13%,16.01%
SLV,77,71.59,6193000,23054100000,12,84,124,89,495,93.15,27,609,5610,7,3465,1.4,8,41.3,7,28,4,El Salvador,0,0,0,,0,0,0,,0,0,0,,0,0,0,,0,0,0,,0,0,0,,0,0,0,,0,0,0,,19.93%,15.13%,16.01%
GTM,90,69.94,14389000,46900000257,9,95,146,153,480,109.59,26,628,5120,5.2,2046,2.5,6,62.3,5.3,41,4,Guatemala,0,1,0,,0,69.94,0,,0,95,0,,0,146,0,,0,14389000,0,,0,46.900000257,0,,0,153,0,,0,109.59,0,,19.93%,15.13%,16.01%
HTI,57,60.22,9993000,7346156703,3,54,595,622,617,65.75,154,1484,1070,6.2,94,1.6,6,32.4,8,83,4,Haiti,0,0,0,,0,0,0,,0,0,0,,0,0,0,,0,0,0,,0,0,0,,0,0,0,,0,0,0,,19.93%,15.13%,16.01%
HND,87,69.79,7600000,17259407972,6,87,80,82,260,109.59,49,361,3420,7.5,1371,2,6,52.2,7.4,28,4,Honduras,0,0,0,,0,0,0,,0,0,0,,0,0,0,,0,0,0,,0,0,0,,0,0,0,,0,0,0,,19.93%,15.13%,16.01%
JAM,91,72.44,2702000,15069767442,9,93,44,47,285,147.95,3,151,7050,4.7,212,0.6,10,46.9,5.1,33,4,Jamaica,4,4,4,,18.11,18.11,18.11,,23.25,23.25,23.25,,11,11,11,,675500,675500,675500,,3.7674418605,3.7674418605,3.7674418605,,11.75,11.75,11.75,,36.9875,36.9875,36.9875,,19.93%,15.13%,16.01%
MEX,91,75.87,113423000,1155320000000,20,97,2361,1672,4502,131.51,18,5777,11990,6.4,78281,1,9,56.7,6.2,38,4,Mexico,1,3,3,,75.87,25.29,25.29,,97,32.3333333333,32.3333333333,,2361,787,787,,113423000,37807666.6666667,37807666.6666667,,1155.32,385.1066666667,385.1066666667,,1672,557.3333333333,557.3333333333,,131.51,43.8366666667,43.8366666667,,19.93%,15.13%,16.01%
NIC,56,72.38,5789000,7297481501,4,79,108,78,291,98.63,35,354,2720,8.3,243,1.3,6,45.3,7.8,39,4,Nicaragua,0,0,0,,0,0,0,,0,0,0,,0,0,0,,0,0,0,,0,0,0,,0,0,0,,0,0,0,,19.93%,15.13%,16.01%
PAN,89,75.33,3517000,30676800000,15,90,46,34,225,87.67,51,166,8690,7.3,2231,1.7,9,31.2,7.3,26,4,Panama,0,0,0,,0,0,0,,0,0,0,,0,0,0,,0,0,0,,0,0,0,,0,0,0,,0,0,0,,19.93%,15.13%,16.01%
TTO,100,69.61,1341000,22483115868,8,91,11,9,66,156.16,13,73,16800,4.5,107,0.4,10,45.9,4.2,39,4,Trinidad and Tobago,1,0,3,,69.61,0,23.2033333333,,91,0,30.3333333333,,11,0,3.6666666667,,1341000,0,447000,,22.483115868,0,7.494371956,,9,0,3,,156.16,0,52.0533333333,,19.93%,15.13%,16.01%
USA,100,77.89,309349000,15094000000000,26,100,8381,10200,13710,191.78,,5214,44070,15.9,463663,1,17,54.2,15.3,8,4,US,46,29,29,,1.6932608696,2.685862069,2.685862069,,2.1739130435,3.4482758621,3.4482758621,,182.1956521739,289,289,,6724978.26086957,10667206.8965517,10667206.8965517,,328.1304347826,520.4827586207,520.4827586207,,221.7391304348,351.724137931,351.724137931,,4.1691304348,6.6131034483,6.6131034483,,19.93%,15.13%,16.01%
ARG,92,75.08,40412000,445989000000,30,96,1044,703,2888,112.33,25,1679,11670,10.2,28900,1,14,54.5,10.1,18,5,Argentina,1,1,2,,75.08,75.08,37.54,,96,96,48,,1044,1044,522,,40412000,40412000,20206000,,445.989,445.989,222.9945,,703,703,351.5,,112.33,112.33,56.165,,1.66%,3.29%,4.49%
BOL,60,65.14,9929000,24426829466,12,85,91,96,490,76.71,106,987,3810,6.9,5997,1.9,7,37.2,6.6,62,5,Bolivia,0,0,0,,0,0,0,,0,0,0,,0,0,0,,0,0,0,,0,0,0,,0,0,0,,0,0,0,,1.66%,3.29%,4.49%
BRA,83,72.04,194946000,2476650000000,12,90,3326,2220,13358,153.43,43,8286,8700,7.9,190448,1.3,9,52.1,7.5,22,5,Brazil,3,5,9,,24.0133333333,14.408,8.0044444444,,30,18,10,,1108.6666666667,665.2,369.5555555556,,64982000,38989200,21660666.6666667,,825.55,495.33,275.1833333333,,740,444,246.6666666667,,51.1433333333,30.686,17.0477777778,,1.66%,3.29%,4.49%
CHL,95,78.38,17113688,248585000000,11,95,454,297,3206,126.03,13,931,11300,5.4,6750,1,12,47.3,5.3,10,5,Chile,0,0,0,,0,0,0,,0,0,0,,0,0,0,,0,0,0,,0,0,0,,0,0,0,,0,0,0,,1.66%,3.29%,4.49%
COL,96,72.59,46295000,331655000000,14,93,1091,476,5159,134.25,23,3296,6130,7.3,33951,1.4,8,14.6,7.3,24,5,Colombia,1,3,4,,72.59,24.1966666667,18.1475,,93,31,23.25,,1091,363.6666666667,272.75,,46295000,15431666.6666667,11573750,,331.655,110.5516666667,82.91375,,476,158.6666666667,119,,134.25,44.75,33.5625,,1.66%,3.29%,4.49%
ECU,94,74.79,14465000,67002768302,15,94,422,255,1636,101.37,34,1064,6810,5.3,2062,1.1,9,56.4,5.4,26,5,Ecuador,0,0,0,,0,0,0,,0,0,0,,0,0,0,,0,0,0,,0,0,0,,0,0,0,,0,0,0,,1.66%,3.29%,4.49%
GUY,86,66.01,755000,2260000000,5,83,5,2,33,98.63,86,71,3410,5.4,30,-0.1,9,15.5,5.5,68,5,Guyana,0,0,0,,0,0,0,,0,0,0,,0,0,0,,0,0,0,,0,0,0,,0,0,0,,0,0,0,,1.66%,3.29%,4.49%
PRY,94,71.5,6454000,23877089240,11,86,70,51,296,63.01,35,513,4040,7.3,3182,1.9,7,61.7,7.6,24,5,Paraguay,0,0,0,,0,0,0,,0,0,0,,0,0,0,,0,0,0,,0,0,0,,0,0,0,,0,0,0,,1.66%,3.29%,4.49%
PER,74,71.04,29076000,176662000000,12,83,892,599,3459,104.11,123,2663,6490,4.3,2809,1.1,8,42.9,4.3,27,5,Peru,0,0,0,,0,0,0,,0,0,0,,0,0,0,,0,0,0,,0,0,0,,0,0,0,,0,0,0,,1.66%,3.29%,4.49%
PRI,,78.5,3978000,99202000000,,,63.5,64,333,,3,75,,,,,,,,,5,Puerto Rico,0,1,1,,0,78.5,78.5,,0,0,0,,0,63.5,63.5,,0,3978000,3978000,,0,99.202,99.202,,0,64,64,,0,0,0,,1.66%,3.29%,4.49%
SUR,99,69.93,525000,3790000000,5,92,2,2,21,150.69,26,26,7720,5.3,4,0.6,9,58.1,7.4,44,5,Suriname,0,0,0,,0,0,0,,0,0,0,,0,0,0,,0,0,0,,0,0,0,,0,0,0,,0,0,0,,1.66%,3.29%,4.49%
URY,100,76.11,3357000,46709797684,37,100,49,35,396,104.11,19,162,9940,8.1,3936,0.2,18,56.5,8.2,16,5,Uruguay,0,0,0,,0,0,0,,0,0,0,,0,0,0,,0,0,0,,0,0,0,,0,0,0,,0,0,0,,1.66%,3.29%,4.49%
VEN,71,,28834000,316482000000,19,83,396,293,1606,98.63,26,1705,10970,4.7,13680,1.7,8,50.5,5.1,23,5,Venezuela,1,0,0,,0,0,0,,83,0,0,,396,0,0,,28834000,0,0,,316.482,0,0,,293,0,0,,98.63,0,0,,4.65%,6.25%,5.06%
AUS,100,81.19,22299000,1371760000000,25,100,477,510,1370,128.77,5,249,33940,8.8,21296,1.1,18,32.8,8.7,6,6,Australia,7,16,12,,11.5985714286,5.074375,6.7658333333,,14.2857142857,6.25,8.3333333333,,68.1428571429,29.8125,39.75,,3185571.42857143,1393687.5,1858250,,195.9657142857,85.735,114.3133333333,,72.8571428571,31.875,42.5,,18.3957142857,8.048125,10.7308333333,,4.65%,6.25%,5.06%
FJI,87,68.54,860000,3812749216,5,47,16,17,15,120.55,16,61,4450,4.1,60,0.6,7,29.1,4,19,6,Fiji,0,0,0,,0,0,0,,0,0,0,,0,0,0,,0,0,0,,0,0,0,,0,0,0,,0,0,0,,4.65%,6.25%,5.06%
IDN,73,70.13,239870000,846832000000,1,77,8632,9155,2712,43.84,113,7566,3310,2.1,7093,1.2,8,49.6,2.2,36,6,Indonesia,0,1,1,,0,70.13,70.13,,0,77,77,,0,8632,8632,,0,239870000,239870000,,0,846.832,846.832,,0,9155,9155,,0,43.84,43.84,,4.65%,6.25%,5.06%
NZL,,79.94,4368000,141406000000,21,97,95,112,261,164.38,8,82,25750,8.9,1620,1,17,22.2,9.4,7,6,New Zealand,6,2,5,,13.3233333333,39.97,15.988,,16.1666666667,48.5,19.4,,15.8333333333,47.5,19,,728000,2184000,873600,,23.5676666667,70.703,28.2812,,18.6666666667,56,22.4,,27.3966666667,82.19,32.876,,4.65%,6.25%,5.06%
PNG,67,57.08,6858000,12937183216,,39,275,290,64,,207,341,1630,4.2,90,2.2,4,17.3,3.2,77,6,Papua New Guinea,0,0,0,,0,0,0,,0,0,0,,0,0,0,,0,0,0,,0,0,0,,0,0,0,,0,0,0,,4.65%,6.25%,5.06%
VUT,78,69.63,240000,819227088.4,1,60,14,15,2,38.36,35,8,3480,4.3,,2.5,5,35.3,4.2,36,6,Vanuatu,0,0,0,,0,0,0,,0,0,0,,0,0,0,,0,0,0,,0,0,0,,0,0,0,,0,0,0,,4.65%,6.25%,5.06%
,,,,,,,,,,,,,,,,,,,,,,,,,,,,,,,,,,,,,,,,,,,,,,,,,,,,,,,,,
,,,Total Pop,Total GDP,,,,,,,,,,,,,,,,,,,Total Gold,Total Silver,Total Bronze,,,,,,,,,,,,,,,,,,,,,,,,,,,,,,,,
,,,6889016802,70236407945892.7,,,,,,,,,,,,,,,,,,,301,304,356,,,,,,,,,,,,,,,,,,,,,,,,,,,,,,,,
,,,1338300000,,,,,,,,,,,,,,,,,,,,,,,,,,,,,,,,,,,,,,,,,,,,,,,,,,,,,,
