id	name	health_gold	health_silver	health_bronze	edu_gold	edu_silver	edu_bronze	ImpWater_gold	ImpWater_silver	ImpWater_bronze	Pop_gold	Pop_silver	Pop_bronze	GDP_gold	GDP_silver	GDP_bronze	Income_gold	Income_silver	Income_bronze	Debt_gold	Debt_silver	Debt_bronze	Continent_gold	Continent_silver	Continent_bronze
4	Afghanistan	0.000	0.000	43.400	0.000	0.000	39.000	0.000	0.000	218.000	0.000	0.000	34385000.000	0.000	0.000	20.343	0.000	0.000	233.000	N/A	N/A	N/A	lewis	20.39%	20.22%
8	Albania	0.000	0.000	0.000	0.000	0.000	0.000	0.000	0.000	0.000	0.000	0.000	0.000	0.000	0.000	0.000	0.000	0.000	0.000	0.000	0.000	0.000	44.85%	50.00%	48.60%
12	Algeria	71.970	0.000	0.000	85.000	0.000	0.000	70.000	0.000	0.000	35468000.000	0.000	0.000	188.681	0.000	0.000	72.000	0.000	0.000	84.930	0.000	0.000	3.65%	3.95%	3.09%
16	American Samoa																								
20	Andorra																								
24	Angola	0.000	0.000	0.000	0.000	0.000	0.000	0.000	0.000	0.000	0.000	0.000	0.000	0.000	0.000	0.000	0.000	0.000	0.000	0.000	0.000	0.000	3.65%	3.95%	3.09%
660	Anguilla																								
10	Antarctica																								
28	Antigua and Barbuda																								
32	Argentina	75.080	75.080	37.540	96.000	96.000	48.000	1044.000	1044.000	522.000	40412000.000	40412000.000	20206000.000	445.989	445.989	222.995	703.000	703.000	351.500	112.330	112.330	56.165	1.66%	3.29%	4.49%
51	Armenia	0.000	71.820	35.910	0.000	92.000	46.000	0.000	77.000	38.500	0.000	3092000.000	1546000.000	0.000	10.248	5.124	0.000	75.000	37.500	0.000	57.530	28.765	44.85%	50.00%	48.60%
533	Aruba																								
36	Australia	11.599	5.074	6.766	14.286	6.250	8.333	68.143	29.813	39.750	3185571.429	1393687.500	1858250.000	195.966	85.735	114.313	72.857	31.875	42.500	18.396	8.048	10.731	4.65%	6.25%	5.06%
40	Austria	0.000	0.000	0.000	0.000	0.000	0.000	0.000	0.000	0.000	0.000	0.000	0.000	0.000	0.000	0.000	0.000	0.000	0.000	0.000	0.000	0.000	44.85%	50.00%	48.60%
31	Azerbaijan	33.665	33.665	11.222	38.500	38.500	12.833	51.500	51.500	17.167	4527000.000	4527000.000	1509000.000	31.702	31.702	10.567	51.500	51.500	17.167	21.920	21.920	7.307	44.85%	50.00%	48.60%
48	Bahrain																								
50	Bangladesh	0.000	0.000	0.000	0.000	0.000	0.000	0.000	0.000	0.000	0.000	0.000	0.000	0.000	0.000	0.000	0.000	0.000	0.000	0.000	0.000	0.000	25.25%	20.39%	20.22%
52	Barbados																								
112	Belarus	34.435	13.774	13.774	50.000	20.000	20.000	130.500	52.200	52.200	4745000.000	1898000.000	1898000.000	27.568	11.027	11.027	147.500	59.000	59.000	45.205	18.082	18.082	44.85%	50.00%	48.60%
56	Belgium	0.000	79.200	39.600	N/A	N/A	N/A	0.000	406.000	203.000	0.000	10896000.000	5448000.000	0.000	511.533	255.767	0.000	353.000	176.500	0.000	150.690	75.345	44.85%	50.00%	48.60%
84	Belize	0.000	0.000	0.000	0.000	0.000	0.000	0.000	0.000	0.000	0.000	0.000	0.000	0.000	0.000	0.000	0.000	0.000	0.000	0.000	0.000	0.000	19.93%	15.13%	16.01%
204	Benin	0.000	0.000	0.000	0.000	0.000	0.000	0.000	0.000	0.000	0.000	0.000	0.000	0.000	0.000	0.000	0.000	0.000	0.000	0.000	0.000	0.000	3.65%	3.95%	3.09%
60	Bermuda	N/A	N/A	N/A	N/A	N/A	N/A	N/A	N/A	N/A	0.000	0.000	0.000	0.000	0.000	0.000	N/A	N/A	N/A	0.000	0.000	0.000	19.93%	15.13%	16.01%
64	Bhutan	0.000	0.000	0.000	0.000	0.000	0.000	0.000	0.000	0.000	0.000	0.000	0.000	0.000	0.000	0.000	0.000	0.000	0.000	N/A	N/A	N/A	25.25%	20.39%	20.22%
64	Bhutan																								
68	Bolivia	0.000	0.000	0.000	0.000	0.000	0.000	0.000	0.000	0.000	0.000	0.000	0.000	0.000	0.000	0.000	0.000	0.000	0.000	0.000	0.000	0.000	1.66%	3.29%	4.49%
70	Bosnia and Herzegovina	0.000	0.000	0.000	0.000	0.000	0.000	0.000	0.000	0.000	0.000	0.000	0.000	0.000	0.000	0.000	0.000	0.000	0.000	0.000	0.000	0.000	44.85%	50.00%	48.60%
72	Botswana	0.000	49.700	0.000	0.000	95.000	0.000	0.000	16.000	0.000	0.000	2007000.000	0.000	0.000	17.627	0.000	0.000	16.000	0.000	0.000	68.490	0.000	3.65%	3.95%	3.09%
74	Bouvet Island																								
76	Brazil	24.013	14.408	8.004	30.000	18.000	10.000	1108.667	665.200	369.556	64982000.000	38989200.000	21660666.667	825.550	495.330	275.183	740.000	444.000	246.667	51.143	30.686	17.048	1.66%	3.29%	4.49%
86	British Indian Ocean Territory																								
92	British Virgin Islands																								
96	Brunei Darussalam	0.000	0.000	0.000	0.000	0.000	0.000	0.000	0.000	0.000	0.000	0.000	0.000	0.000	0.000	0.000	0.000	0.000	0.000	0.000	0.000	0.000	25.25%	20.39%	20.22%
100	Bulgaria	0.000	72.520	72.520	0.000	99.000	99.000	0.000	473.000	473.000	0.000	7534000.000	7534000.000	0.000	53.514	53.514	0.000	304.000	304.000	0.000	79.450	79.450	44.85%	50.00%	48.60%
854	Burkina Faso	0.000	0.000	0.000	0.000	0.000	0.000	0.000	0.000	0.000	0.000	0.000	0.000	0.000	0.000	0.000	0.000	0.000	0.000	0.000	0.000	0.000	3.65%	3.95%	3.09%
104	Burma	0.000	0.000	0.000	0.000	0.000	0.000	0.000	0.000	0.000	0.000	0.000	0.000	0.000	0.000	0.000	0.000	0.000	0.000	0.000	0.000	0.000	25.25%	20.39%	20.22%
108	Burundi	0.000	0.000	0.000	0.000	0.000	0.000	0.000	0.000	0.000	0.000	0.000	0.000	0.000	0.000	0.000	0.000	0.000	0.000	0.000	0.000	0.000	3.65%	3.95%	3.09%
116	Cambodia	0.000	0.000	0.000	0.000	0.000	0.000	0.000	0.000	0.000	0.000	0.000	0.000	0.000	0.000	0.000	0.000	0.000	0.000	0.000	0.000	0.000	25.25%	20.39%	20.22%
120	Cameroon	0.000	0.000	0.000	0.000	0.000	0.000	0.000	0.000	0.000	0.000	0.000	0.000	0.000	0.000	0.000	0.000	0.000	0.000	0.000	0.000	0.000	3.65%	3.95%	3.09%
124	Canada	80.360	16.072	6.697	100.000	20.000	8.333	845.000	169.000	70.417	34126000.000	6825200.000	2843833.333	1736.050	347.210	144.671	855.000	171.000	71.250	172.600	34.520	14.383	19.93%	15.13%	16.01%
132	Cape Verde																								
136	Cayman Islands																								
140	Central African Republic	N/A	N/A	N/A	0.000	0.000	0.000	0.000	0.000	0.000	0.000	0.000	0.000	0.000	0.000	0.000	0.000	0.000	0.000	0.000	0.000	0.000	3.65%	3.95%	3.09%
148	Chad	0.000	0.000	0.000	0.000	0.000	0.000	0.000	0.000	0.000	0.000	0.000	0.000	0.000	0.000	0.000	0.000	0.000	0.000	0.000	0.000	0.000	3.65%	3.95%	3.09%
152	Chile	0.000	0.000	0.000	0.000	0.000	0.000	0.000	0.000	0.000	0.000	0.000	0.000	0.000	0.000	0.000	0.000	0.000	0.000	0.000	0.000	0.000	1.66%	3.29%	4.49%
156	China	1.914	2.694	3.162	2.026	2.852	3.348	6126.211	8622.074	10121.565	35218421.053	49566666.667	58186956.522	192.055	270.300	317.309	6602.816	9292.852	10909.000	0.577	0.812	0.953	25.25%	20.39%	20.22%
162	Christmas Island																								
166	Cocos (Keeling) Islands																								
170	Colombia	72.590	24.197	18.148	93.000	31.000	23.250	1091.000	363.667	272.750	46295000.000	15431666.667	11573750.000	331.655	110.552	82.914	476.000	158.667	119.000	134.250	44.750	33.563	1.66%	3.29%	4.49%
174	Comoros																								
178	Congo	0.000	0.000	0.000	0.000	0.000	0.000	0.000	0.000	0.000	0.000	0.000	0.000	0.000	0.000	0.000	0.000	0.000	0.000	0.000	0.000	0.000	3.65%	3.95%	3.09%
184	Cook Islands																								
188	Costa Rica	0.000	0.000	0.000	0.000	0.000	0.000	0.000	0.000	0.000	0.000	0.000	0.000	0.000	0.000	0.000	0.000	0.000	0.000	0.000	0.000	0.000	19.93%	15.13%	16.01%
384	Cote d'Ivoire	0.000	0.000	0.000	0.000	0.000	0.000	0.000	0.000	0.000	0.000	0.000	0.000	0.000	0.000	0.000	0.000	0.000	0.000	0.000	0.000	0.000	3.65%	3.95%	3.09%
191	Croatia	25.177	75.530	37.765	33.333	100.000	50.000	82.333	247.000	123.500	1472666.667	4418000.000	2209000.000	21.283	63.850	31.925	82.000	246.000	123.000	54.793	164.380	82.190	44.85%	50.00%	48.60%
192	Cuba	15.598	25.997	12.998	18.200	30.333	15.167	60.000	100.000	50.000	2251600.000	3752666.667	1876333.333	12.820	21.367	10.683	61.000	101.667	50.833	23.562	39.270	19.635	19.93%	15.13%	16.01%
196	Cyprus	0.000	79.020	0.000	0.000	100.000	0.000	0.000	18.000	0.000	0.000	659350.000	0.000	0.000	24.690	0.000	0.000	19.000	0.000	0.000	128.770	0.000	44.85%	50.00%	48.60%
203	Czech Republic	N/A	N/A	N/A	25.000	33.333	33.333	143.750	191.667	191.667	2630000.000	3506666.667	3506666.667	53.804	71.738	71.738	133.250	177.667	177.667	35.618	47.490	47.490	44.85%	50.00%	48.60%
180	Democratic Republic of the Congo	0.000	0.000	0.000	0.000	0.000	0.000	0.000	0.000	0.000	0.000	0.000	0.000	0.000	0.000	0.000	0.000	0.000	0.000	0.000	0.000	0.000	3.65%	3.95%	3.09%
208	Denmark	39.160	19.580	26.107	50.000	25.000	33.333	76.000	38.000	50.667	2773500.000	1386750.000	1849000.000	166.339	83.169	110.892	93.500	46.750	62.333	79.450	39.725	52.967	44.85%	50.00%	48.60%
262	Djibouti	0.000	0.000	0.000	0.000	0.000	0.000	0.000	0.000	0.000	0.000	0.000	0.000	0.000	0.000	0.000	0.000	0.000	0.000	0.000	0.000	0.000	3.65%	3.95%	3.09%
212	Dominica																								
214	Dominican Republic	N/A	N/A	N/A	95.000	95.000	0.000	328.000	328.000	0.000	9927000.000	9927000.000	0.000	55.611	55.611	0.000	236.000	236.000	0.000	109.590	109.590	0.000	19.93%	15.13%	16.01%
218	Ecuador	0.000	0.000	0.000	0.000	0.000	0.000	0.000	0.000	0.000	0.000	0.000	0.000	0.000	0.000	0.000	0.000	0.000	0.000	0.000	0.000	0.000	1.66%	3.29%	4.49%
818	Egypt	N/A	N/A	N/A	0.000	49.000	0.000	0.000	657.000	0.000	0.000	40560500.000	0.000	0.000	114.766	0.000	0.000	666.000	0.000	0.000	38.355	0.000	3.65%	3.95%	3.09%
222	El Salvador	0.000	0.000	0.000	0.000	0.000	0.000	0.000	0.000	0.000	0.000	0.000	0.000	0.000	0.000	0.000	0.000	0.000	0.000	0.000	0.000	0.000	19.93%	15.13%	16.01%
226	Equatorial Guinea	0.000	0.000	0.000	0.000	0.000	0.000	0.000	0.000	0.000	0.000	0.000	0.000	0.000	0.000	0.000	0.000	0.000	0.000	N/A	N/A	N/A	3.65%	3.95%	3.09%
232	Eritrea	0.000	0.000	0.000	0.000	0.000	0.000	0.000	0.000	0.000	0.000	0.000	0.000	0.000	0.000	0.000	0.000	0.000	0.000	0.000	0.000	0.000	3.65%	3.95%	3.09%
233	Estonia	0.000	72.960	72.960	0.000	100.000	100.000	0.000	32.000	32.000	0.000	1340000.000	1340000.000	0.000	22.185	22.185	0.000	38.000	38.000	0.000	167.120	167.120	44.85%	50.00%	48.60%
231	Ethiopia	17.463	52.390	17.463	7.333	22.000	7.333	1193.333	3580.000	1193.333	27650000.000	82950000.000	27650000.000	10.570	31.709	10.570	1213.000	3639.000	1213.000	3.653	10.960	3.653	3.65%	3.95%	3.09%
238	Falkland Islands (Malvinas)																								
234	Faroe Islands																								
242	Fiji	0.000	0.000	0.000	0.000	0.000	0.000	0.000	0.000	0.000	0.000	0.000	0.000	0.000	0.000	0.000	0.000	0.000	0.000	0.000	0.000	0.000	4.65%	6.25%	5.06%
246	Finland	0.000	79.090	39.545	0.000	100.000	50.000	0.000	175.000	87.500	0.000	5364000.000	2682000.000	0.000	266.071	133.036	0.000	138.000	69.000	0.000	93.150	46.575	44.85%	50.00%	48.60%
250	France	7.318	7.318	6.708	9.091	9.091	8.333	499.818	499.818	458.167	5899545.455	5899545.455	5407916.667	252.094	252.094	231.086	433.364	433.364	397.250	9.963	9.963	9.133	44.85%	50.00%	48.60%
254	French Guiana																								
258	French Polynesia																								
260	French Southern and Antarctic Lands																								
266	Gabon	0.000	56.740	0.000	0.000	88.000	0.000	0.000	60.000	0.000	0.000	1505000.000	0.000	0.000	17.052	0.000	0.000	61.000	0.000	0.000	46.580	0.000	3.65%	3.95%	3.09%
270	Gambia	N/A	N/A	N/A	0.000	0.000	0.000	0.000	0.000	0.000	0.000	0.000	0.000	0.000	0.000	0.000	0.000	0.000	0.000	0.000	0.000	0.000	3.65%	3.95%	3.09%
268	Georgia	70.860	23.620	23.620	82.000	27.333	27.333	253.000	84.333	84.333	4452000.000	1484000.000	1484000.000	14.367	4.789	4.789	246.000	82.000	82.000	90.410	30.137	30.137	44.85%	50.00%	48.60%
276	Germany	7.224	4.182	5.676	9.091	5.263	7.143	315.818	182.842	248.143	7434272.727	4304052.632	5841214.286	324.596	187.924	255.040	258.455	149.632	203.071	11.208	6.489	8.806	44.85%	50.00%	48.60%
288	Ghana	0.000	0.000	0.000	0.000	0.000	0.000	0.000	0.000	0.000	0.000	0.000	0.000	0.000	0.000	0.000	0.000	0.000	0.000	0.000	0.000	0.000	3.65%	3.95%	3.09%
292	Gibraltar																								
300	Greece	0.000	0.000	39.590	N/A	0.000	0.000	0.000	0.000	583.000	0.000	0.000	5658000.000	0.000	0.000	149.367	0.000	0.000	632.500	0.000	0.000	47.945	44.85%	50.00%	48.60%
304	Greenland																								
308	Grenada																								
312	Guadeloupe																								
316	Guam																								
320	Guatemala	0.000	69.940	0.000	0.000	95.000	0.000	0.000	146.000	0.000	0.000	14389000.000	0.000	0.000	46.900	0.000	0.000	153.000	0.000	0.000	109.590	0.000	19.93%	15.13%	16.01%
831	Guernsey																								
324	Guinea	0.000	0.000	0.000	0.000	0.000	0.000	0.000	0.000	0.000	0.000	0.000	0.000	0.000	0.000	0.000	0.000	0.000	0.000	0.000	0.000	0.000	3.65%	3.95%	3.09%
624	Guinea-Bissau	0.000	0.000	0.000	0.000	0.000	0.000	0.000	0.000	0.000	0.000	0.000	0.000	0.000	0.000	0.000	0.000	0.000	0.000	0.000	0.000	0.000	3.65%	3.95%	3.09%
328	Guyana	0.000	0.000	0.000	0.000	0.000	0.000	0.000	0.000	0.000	0.000	0.000	0.000	0.000	0.000	0.000	0.000	0.000	0.000	0.000	0.000	0.000	1.66%	3.29%	4.49%
332	Haiti	0.000	0.000	0.000	0.000	0.000	0.000	0.000	0.000	0.000	0.000	0.000	0.000	0.000	0.000	0.000	0.000	0.000	0.000	0.000	0.000	0.000	19.93%	15.13%	16.01%
334	Heard Island and McDonald Islands																								
336	Holy See (Vatican City)																								
340	Honduras	0.000	0.000	0.000	0.000	0.000	0.000	0.000	0.000	0.000	0.000	0.000	0.000	0.000	0.000	0.000	0.000	0.000	0.000	0.000	0.000	0.000	19.93%	15.13%	16.01%
344	Hong Kong																								
348	Hungary	9.121	18.243	14.594	12.375	24.750	19.800	68.750	137.500	110.000	1250000.000	2500000.000	2000000.000	17.504	35.007	28.006	84.625	169.250	135.400	15.411	30.823	24.658	44.85%	50.00%	48.60%
352	Iceland	0.000	0.000	0.000	0.000	0.000	0.000	0.000	0.000	0.000	0.000	0.000	0.000	0.000	0.000	0.000	0.000	0.000	0.000	0.000	0.000	0.000	44.85%	50.00%	48.60%
360	Indonesia	0.000	70.130	70.130	0.000	77.000	77.000	0.000	8632.000	8632.000	0.000	239870000.000	239870000.000	0.000	846.832	846.832	0.000	9155.000	9155.000	0.000	43.840	43.840	4.65%	6.25%	5.06%
364	Iran (Islamic Republic of)	N/A	0.000	0.000	23.500	18.800	31.333	75.500	60.400	100.667	18493250.000	14794600.000	24657666.667	96.668	77.334	128.890	80.500	64.400	107.333	17.808	14.246	23.743	25.25%	20.39%	20.22%
368	Iraq	0.000	0.000	0.000	0.000	0.000	0.000	0.000	0.000	0.000	0.000	0.000	0.000	0.000	0.000	0.000	0.000	0.000	0.000	N/A	N/A	N/A	25.25%	20.39%	20.22%
372	Ireland	78.610	78.610	26.203	N/A	N/A	N/A	84.000	84.000	28.000	4475000.000	4475000.000	1491666.667	217.275	217.275	72.425	54.000	54.000	18.000	115.070	115.070	38.357	44.85%	50.00%	48.60%
376	Israel	0.000	0.000	0.000	0.000	0.000	0.000	0.000	0.000	0.000	0.000	0.000	0.000	0.000	0.000	0.000	0.000	0.000	0.000	0.000	0.000	0.000	25.25%	20.39%	20.22%
380	Italy	10.108	8.984	7.351	N/A	N/A	N/A	850.500	756.000	618.545	7560375.000	6720333.333	5498454.545	274.344	243.861	199.523	1033.375	918.556	751.545	10.616	9.437	7.721	44.85%	50.00%	48.60%
388	Jamaica	18.110	18.110	18.110	23.250	23.250	23.250	11.000	11.000	11.000	675500.000	675500.000	675500.000	3.767	3.767	3.767	11.750	11.750	11.750	36.988	36.988	36.988	19.93%	15.13%	16.01%
392	Japan	11.753	5.876	4.839	14.286	7.143	5.882	3602.000	1801.000	1483.176	18207285.714	9103642.857	7497117.647	838.164	419.082	345.126	3895.857	1947.929	1604.176	10.959	5.479	4.512	25.25%	20.39%	20.22%
400	Jordan	0.000	0.000	0.000	0.000	0.000	0.000	0.000	0.000	0.000	0.000	0.000	0.000	0.000	0.000	0.000	0.000	0.000	0.000	0.000	0.000	0.000	25.25%	20.39%	20.22%
398	Kazakhstan	9.496	66.470	13.294	12.286	86.000	17.200	111.000	777.000	155.400	2331857.143	16323000.000	3264600.000	26.600	186.198	37.240	114.714	803.000	160.600	10.176	71.230	14.246	25.25%	20.39%	20.22%
404	Kenya	26.665	13.333	10.666	30.500	15.250	12.200	406.500	203.250	162.600	20256500.000	10128250.000	8102600.000	16.810	8.405	6.724	413.500	206.750	165.400	27.400	13.700	10.960	3.65%	3.95%	3.09%
296	Kiribati																								
408	Korea, Democratic People's Republic of	2.000	17.075	0.000	34.150	N/A	N/A	N/A	617.000	0.000	1234.000	6147280.500	0.000	12294561.000	3.070	0.000	6.140	814.000	0.000	1628.000	3978.000	0.000	7956	25.25%	20.39%
410	Korea, Republic of	7.000	N/A	N/A	N/A	3.346	5.438	6.214	39.731	64.563	73.786	3759615.385	6109375.000	6982142.857	85.865	139.531	159.464	52.654	85.563	97.786	550.615	894.750	25.25%	20.39%	20.22%
414	Kuwait	0.000	0.000	77.420	N/A	N/A	N/A	0.000	0.000	52.000	0.000	0.000	2736000.000	0.000	0.000	176.590	0.000	0.000	54.000	0.000	0.000	101.370	25.25%	20.39%	20.22%
417	Kyrgyzstan	N/A	N/A	N/A	0.000	0.000	0.000	0.000	0.000	0.000	0.000	0.000	0.000	0.000	0.000	0.000	0.000	0.000	0.000	0.000	0.000	0.000	25.25%	20.39%	20.22%
418	Lao People's Democratic Republic	N/A	N/A	N/A	0.000	0.000	0.000	0.000	0.000	0.000	0.000	0.000	0.000	0.000	0.000	0.000	0.000	0.000	0.000	0.000	0.000	0.000	25.25%	20.39%	20.22%
428	Latvia	71.250	0.000	71.250	99.000	0.000	99.000	68.000	0.000	68.000	2239000.000	0.000	2239000.000	28.252	0.000	28.252	57.000	0.000	57.000	93.150	0.000	93.150	44.85%	50.00%	48.60%
422	Lebanon	0.000	0.000	0.000	0.000	0.000	0.000	0.000	0.000	0.000	0.000	0.000	0.000	0.000	0.000	0.000	0.000	0.000	0.000	0.000	0.000	0.000	25.25%	20.39%	20.22%
426	Lesotho	0.000	0.000	0.000	0.000	0.000	0.000	0.000	0.000	0.000	0.000	0.000	0.000	0.000	0.000	0.000	0.000	0.000	0.000	0.000	0.000	0.000	3.65%	3.95%	3.09%
430	Liberia	0.000	0.000	0.000	0.000	0.000	0.000	0.000	0.000	0.000	0.000	0.000	0.000	0.000	0.000	0.000	0.000	0.000	0.000	0.000	0.000	0.000	3.65%	3.95%	3.09%
434	Libyan Arab Jamahiriya	0.000	0.000	0.000	0.000	0.000	0.000	0.000	0.000	0.000	0.000	0.000	0.000	0.000	0.000	0.000	0.000	0.000	0.000	0.000	0.000	0.000	3.65%	3.95%	3.09%
438	Liechtenstein																								
440	Lithuania	35.780	71.560	35.780	N/A	N/A	N/A	44.000	88.000	44.000	1643500.000	3287000.000	1643500.000	21.363	42.725	21.363	36.500	73.000	36.500	53.425	106.850	53.425	44.85%	50.00%	48.60%
442	Luxembourg	0.000	0.000	0.000	0.000	0.000	0.000	0.000	0.000	0.000	0.000	0.000	0.000	0.000	0.000	0.000	0.000	0.000	0.000	N/A	N/A	N/A	44.85%	50.00%	48.60%
446	Macau																								
450	Madagascar	0.000	0.000	0.000	0.000	0.000	0.000	0.000	0.000	0.000	0.000	0.000	0.000	0.000	0.000	0.000	0.000	0.000	0.000	0.000	0.000	0.000	3.65%	3.95%	3.09%
454	Malawi	0.000	0.000	0.000	0.000	0.000	0.000	0.000	0.000	0.000	0.000	0.000	0.000	0.000	0.000	0.000	0.000	0.000	0.000	0.000	0.000	0.000	3.65%	3.95%	3.09%
458	Malaysia	0.000	73.940	73.940	0.000	99.000	99.000	0.000	839.000	839.000	0.000	28401000.000	28401000.000	0.000	278.671	278.671	0.000	888.000	888.000	0.000	112.330	112.330	25.25%	20.39%	20.22%
462	Maldives																								
466	Mali	0.000	0.000	0.000	0.000	0.000	0.000	0.000	0.000	0.000	0.000	0.000	0.000	0.000	0.000	0.000	0.000	0.000	0.000	0.000	0.000	0.000	3.65%	3.95%	3.09%
466	Mali																								
470	Malta	0.000	0.000	0.000	0.000	0.000	0.000	0.000	0.000	0.000	0.000	0.000	0.000	0.000	0.000	0.000	0.000	0.000	0.000	0.000	0.000	0.000	44.85%	50.00%	48.60%
584	Marshall Islands																								
474	Martinique																								
478	Mauritania	0.000	0.000	0.000	0.000	0.000	0.000	0.000	0.000	0.000	0.000	0.000	0.000	0.000	0.000	0.000	0.000	0.000	0.000	0.000	0.000	0.000	3.65%	3.95%	3.09%
480	Mauritius																								
175	Mayotte																								
484	Mexico	75.870	25.290	25.290	97.000	32.333	32.333	2361.000	787.000	787.000	113423000.000	37807666.667	37807666.667	1155.320	385.107	385.107	1672.000	557.333	557.333	131.510	43.837	43.837	19.93%	15.13%	16.01%
583	Micronesia, Federated States of																								
492	Monaco																								
496	Mongolia	0.000	33.180	22.120	0.000	31.000	20.667	0.000	323.000	215.333	0.000	1378000.000	918666.667	0.000	4.279	2.853	0.000	343.500	229.000	0.000	16.440	10.960	25.25%	20.39%	20.22%
499	Montenegro	N/A	N/A	N/A	N/A	N/A	N/A	N/A	N/A	N/A	0.000	632000.000	0.000	0.000	4.550	0.000	N/A	N/A	N/A	N/A	N/A	N/A	44.85%	50.00%	48.60%
500	Montserrat																								
504	Morocco	0.000	0.000	70.780	0.000	0.000	81.000	0.000	0.000	120.000	0.000	0.000	31951000.000	0.000	0.000	100.221	0.000	0.000	121.000	0.000	0.000	98.630	3.65%	3.95%	3.09%
508	Mozambique	0.000	0.000	0.000	0.000	0.000	0.000	0.000	0.000	0.000	0.000	0.000	0.000	0.000	0.000	0.000	0.000	0.000	0.000	0.000	0.000	0.000	3.65%	3.95%	3.09%
516	Namibia	0.000	0.000	0.000	0.000	0.000	0.000	0.000	0.000	0.000	0.000	0.000	0.000	0.000	0.000	0.000	0.000	0.000	0.000	0.000	0.000	0.000	3.65%	3.95%	3.09%
520	Nauru																								
524	Nepal	0.000	0.000	0.000	0.000	0.000	0.000	0.000	0.000	0.000	0.000	0.000	0.000	0.000	0.000	0.000	0.000	0.000	0.000	0.000	0.000	0.000	25.25%	20.39%	20.22%
528	Netherlands	13.275	13.275	9.956	16.667	16.667	12.500	49.667	49.667	37.250	2769333.333	2769333.333	2077000.000	139.376	139.376	104.532	34.500	34.500	25.875	23.745	23.745	17.809	44.85%	50.00%	48.60%
530	Netherlands Antilles																								
540	New Caledonia																								
554	New Zealand	13.323	39.970	15.988	16.167	48.500	19.400	15.833	47.500	19.000	728000.000	2184000.000	873600.000	23.568	70.703	28.281	18.667	56.000	22.400	27.397	82.190	32.876	4.65%	6.25%	5.06%
558	Nicaragua	0.000	0.000	0.000	0.000	0.000	0.000	0.000	0.000	0.000	0.000	0.000	0.000	0.000	0.000	0.000	0.000	0.000	0.000	0.000	0.000	0.000	19.93%	15.13%	16.01%
562	Niger	0.000	0.000	0.000	0.000	0.000	0.000	0.000	0.000	0.000	0.000	0.000	0.000	0.000	0.000	0.000	0.000	0.000	0.000	0.000	0.000	0.000	3.65%	3.95%	3.09%
566	Nigeria	0.000	0.000	0.000	0.000	0.000	0.000	0.000	0.000	0.000	0.000	0.000	0.000	0.000	0.000	0.000	0.000	0.000	0.000	0.000	0.000	0.000	3.65%	3.95%	3.09%
570	Niue																								
574	Norfolk Island																								
580	Northern Mariana Islands																								
578	Norway	40.145	80.290	80.290	50.000	100.000	100.000	35.000	70.000	70.000	2444500.000	4889000.000	4889000.000	242.902	485.803	485.803	42.500	85.000	85.000	60.275	120.550	120.550	44.85%	50.00%	48.60%
512	Oman	0.000	0.000	0.000	0.000	0.000	0.000	0.000	0.000	0.000	0.000	0.000	0.000	0.000	0.000	0.000	0.000	0.000	0.000	N/A	N/A	N/A	25.25%	20.39%	20.22%
586	Pakistan	0.000	0.000	0.000	0.000	0.000	0.000	0.000	0.000	0.000	0.000	0.000	0.000	0.000	0.000	0.000	0.000	0.000	0.000	0.000	0.000	0.000	25.25%	20.39%	20.22%
591	Panama	0.000	0.000	0.000	0.000	0.000	0.000	0.000	0.000	0.000	0.000	0.000	0.000	0.000	0.000	0.000	0.000	0.000	0.000	0.000	0.000	0.000	19.93%	15.13%	16.01%
598	Papua New Guinea	0.000	0.000	0.000	0.000	0.000	0.000	0.000	0.000	0.000	0.000	0.000	0.000	0.000	0.000	0.000	0.000	0.000	0.000	N/A	N/A	N/A	4.65%	6.25%	5.06%
600	Paraguay	0.000	0.000	0.000	0.000	0.000	0.000	0.000	0.000	0.000	0.000	0.000	0.000	0.000	0.000	0.000	0.000	0.000	0.000	0.000	0.000	0.000	1.66%	3.29%	4.49%
604	Peru	0.000	0.000	0.000	0.000	0.000	0.000	0.000	0.000	0.000	0.000	0.000	0.000	0.000	0.000	0.000	0.000	0.000	0.000	0.000	0.000	0.000	1.66%	3.29%	4.49%
608	Philippines	0.000	0.000	0.000	0.000	0.000	0.000	0.000	0.000	0.000	0.000	0.000	0.000	0.000	0.000	0.000	0.000	0.000	0.000	0.000	0.000	0.000	25.25%	20.39%	20.22%
612	Pitcairn Islands																								
616	Poland	37.575	37.575	12.525	N/A	N/A	N/A	522.500	522.500	174.167	19092000.000	19092000.000	6364000.000	257.248	257.248	85.749	425.500	425.500	141.833	61.645	61.645	20.548	44.85%	50.00%	48.60%
620	Portugal	0.000	78.180	0.000	N/A	N/A	N/A	0.000	434.000	0.000	0.000	10638000.000	0.000	0.000	237.522	0.000	0.000	428.000	0.000	0.000	93.150	0.000	44.85%	50.00%	48.60%
630	Puerto Rico	0.000	78.500	78.500	N/A	N/A	N/A	0.000	63.500	63.500	0.000	3978000.000	3978000.000	0.000	99.202	99.202	0.000	64.000	64.000	N/A	N/A	N/A	1.66%	3.29%	4.49%
634	Qatar	0.000	0.000	37.630	0.000	0.000	50.000	0.000	0.000	14.000	0.000	0.000	879500.000	0.000	0.000	86.491	0.000	0.000	14.500	N/A	N/A	N/A	25.25%	20.39%	20.22%
498	Republic of Moldova	0.000	0.000	34.315	0.000	0.000	46.000	0.000	0.000	90.500	0.000	0.000	1781000.000	0.000	0.000	3.500	0.000	0.000	122.000	0.000	0.000	41.095	44.85%	50.00%	48.60%
688	Republic of Serbia	N/A	N/A	N/A	N/A	N/A	N/A	N/A	N/A	N/A	7291000.000	7291000.000	3645500.000	45.043	45.043	22.522	N/A	N/A	N/A	N/A	N/A	N/A	44.85%	50.00%	48.60%
638	Reunion																								
642	Romania	36.095	14.438	36.095	28.500	11.400	28.500	686.500	274.600	686.500	10719000.000	4287600.000	10719000.000	89.897	35.959	89.897	771.000	308.400	771.000	35.615	14.246	35.615	44.85%	50.00%	48.60%
643	Russia	N/A	N/A	N/A	4.042	3.731	3.031	193.875	178.962	145.406	5906250.000	5451923.077	4429687.500	77.407	71.453	58.055	154.667	142.769	116.000	5.023	4.637	3.767	44.85%	50.00%	48.60%
646	Rwanda	0.000	0.000	0.000	0.000	0.000	0.000	0.000	0.000	0.000	0.000	0.000	0.000	0.000	0.000	0.000	0.000	0.000	0.000	0.000	0.000	0.000	3.65%	3.95%	3.09%
652	Saint Barthelemy																								
654	Saint Helena																								
659	Saint Kitts and Nevis																								
662	Saint Lucia																								
663	Saint Martin																								
666	Saint Pierre and Miquelon																								
670	Saint Vincent and the Grenadines																								
882	Samoa																								
674	San Marino																								
678	Sao Tome and Principe																								
682	Saudi Arabia	0.000	0.000	72.490	0.000	0.000	95.700	0.000	0.000	915.000	0.000	0.000	27448000.000	0.000	0.000	576.824	0.000	0.000	967.000	0.000	0.000	73.970	25.25%	20.39%	20.22%
686	Senegal	0.000	0.000	0.000	0.000	0.000	0.000	0.000	0.000	0.000	0.000	0.000	0.000	0.000	0.000	0.000	0.000	0.000	0.000	0.000	0.000	0.000	3.65%	3.95%	3.09%
694	Sierra Leone	0.000	0.000	0.000	0.000	0.000	0.000	0.000	0.000	0.000	0.000	0.000	0.000	0.000	0.000	0.000	0.000	0.000	0.000	0.000	0.000	0.000	3.65%	3.95%	3.09%
702	Singapore																								
703	Slovakia	0.000	74.190	24.730	0.000	100.000	33.333	0.000	211.000	70.333	0.000	5430000.000	1810000.000	0.000	95.994	31.998	0.000	208.000	69.333	0.000	84.930	28.310	44.85%	50.00%	48.60%
705	Slovenia	77.600	77.600	38.800	N/A	N/A	N/A	93.000	93.000	46.500	2049000.000	2049000.000	1024500.000	49.539	49.539	24.770	74.000	74.000	37.000	41.100	41.100	20.550	44.85%	50.00%	48.60%
90	Solomon Islands																								
706	Somalia	0.000	0.000	0.000	0.000	0.000	0.000	0.000	0.000	0.000	0.000	0.000	0.000	0.000	0.000	0.000	0.000	0.000	0.000	N/A	N/A	N/A	3.65%	3.95%	3.09%
710	South Africa	16.783	25.175	50.350	29.333	44.000	88.000	262.000	393.000	786.000	16663666.667	24995500.000	49991000.000	136.079	204.119	408.237	275.667	413.500	827.000	30.137	45.205	90.410	3.65%	3.95%	3.09%
239	South Georgia South Sandwich Islands																								
724	Spain	26.760	8.028	20.070	33.333	10.000	25.000	966.000	289.800	724.500	15357000.000	4607100.000	11517750.000	496.937	149.081	372.703	1009.000	302.700	756.750	31.050	9.315	23.288	44.85%	50.00%	48.60%
144	Sri Lanka	0.000	0.000	0.000	0.000	0.000	0.000	0.000	0.000	0.000	0.000	0.000	0.000	0.000	0.000	0.000	0.000	0.000	0.000	0.000	0.000	0.000	25.25%	20.39%	20.22%
736	Sudan	0.000	0.000	0.000	0.000	0.000	0.000	0.000	0.000	0.000	0.000	0.000	0.000	0.000	0.000	0.000	0.000	0.000	0.000	0.000	0.000	0.000	3.65%	3.95%	3.09%
740	Suriname	0.000	0.000	0.000	0.000	0.000	0.000	0.000	0.000	0.000	0.000	0.000	0.000	0.000	0.000	0.000	0.000	0.000	0.000	0.000	0.000	0.000	1.66%	3.29%	4.49%
744	Svalbard																								
748	Swaziland	0.000	0.000	0.000	0.000	0.000	0.000	0.000	0.000	0.000	0.000	0.000	0.000	0.000	0.000	0.000	0.000	0.000	0.000	0.000	0.000	0.000	3.65%	3.95%	3.09%
752	Sweden	80.750	20.188	26.917	100.000	25.000	33.333	348.000	87.000	116.000	9378000.000	2344500.000	3126000.000	538.131	134.533	179.377	298.000	74.500	99.333	128.770	32.193	42.923	44.85%	50.00%	48.60%
756	Switzerland	40.720	40.720	0.000	50.000	50.000	0.000	189.000	189.000	0.000	3913000.000	3913000.000	0.000	317.825	317.825	0.000	189.500	189.500	0.000	82.190	82.190	0.000	44.85%	50.00%	48.60%
760	Syrian Arab Republic	N/A	N/A	N/A	0.000	0.000	0.000	0.000	0.000	0.000	0.000	0.000	0.000	0.000	0.000	0.000	0.000	0.000	0.000	0.000	0.000	0.000	25.25%	20.39%	20.22%
158	Taiwan																								
762	Tajikistan	0.000	0.000	66.470	0.000	0.000	59.000	0.000	0.000	73.000	0.000	0.000	6879000.000	0.000	0.000	6.522	0.000	0.000	72.000	0.000	0.000	41.100	25.25%	20.39%	20.22%
764	Thailand	0.000	35.050	70.100	0.000	49.500	99.000	0.000	4915.500	9831.000	0.000	34561000.000	69122000.000	0.000	172.825	345.649	0.000	5097.500	10195.000	0.000	43.835	87.670	25.25%	20.39%	20.22%
44	The Bahamas	N/A	N/A	N/A	97.000	0.000	0.000	5.000	0.000	0.000	343000.000	0.000	0.000	7.788	0.000	0.000	4.000	0.000	0.000	126.030	0.000	0.000	19.93%	15.13%	16.01%
807	The former Yugoslav Republic of Macedonia	N/A	N/A	N/A	N/A	N/A	N/A	0.000	0.000	0.000	0.000	0.000	0.000	0.000	0.000	0.000	0.000	0.000	0.000	0.000	0.000	0.000	44.85%	50.00%	48.60%
626	Timor-Leste																								
768	Togo	0.000	0.000	0.000	0.000	0.000	0.000	0.000	0.000	0.000	0.000	0.000	0.000	0.000	0.000	0.000	0.000	0.000	0.000	0.000	0.000	0.000	3.65%	3.95%	3.09%
772	Tokelau																								
776	Tonga																								
780	Trinidad and Tobago	69.610	0.000	23.203	91.000	0.000	30.333	11.000	0.000	3.667	1341000.000	0.000	447000.000	22.483	0.000	7.494	9.000	0.000	3.000	156.160	0.000	52.053	19.93%	15.13%	16.01%
788	Tunisia	73.700	73.700	73.700	93.000	93.000	93.000	99.000	99.000	99.000	10549000.000	10549000.000	10549000.000	45.864	45.864	45.864	100.000	100.000	100.000	95.890	95.890	95.890	3.65%	3.95%	3.09%
792	Turkey	35.770	35.770	71.540	48.000	48.000	96.000	336.000	336.000	672.000	36376000.000	36376000.000	72752000.000	386.546	386.546	773.091	356.500	356.500	713.000	32.875	32.875	65.750	25.25%	20.39%	20.22%
795	Turkmenistan	0.000	0.000	0.000	0.000	0.000	0.000	0.000	0.000	0.000	0.000	0.000	0.000	0.000	0.000	0.000	0.000	0.000	0.000	0.000	0.000	0.000	25.25%	20.39%	20.22%
796	Turks and Caicos Islands																								
798	Tuvalu																								
800	Uganda	50.610	0.000	0.000	60.000	0.000	0.000	362.000	0.000	0.000	33424000.000	0.000	0.000	16.810	0.000	0.000	369.000	0.000	0.000	24.660	0.000	0.000	3.65%	3.95%	3.09%
804	Ukraine	11.218	13.462	7.479	16.000	19.200	10.667	220.000	264.000	146.667	7645166.667	9174200.000	5096777.778	27.541	33.049	18.361	213.667	256.400	142.444	20.092	24.110	13.394	44.85%	50.00%	48.60%
784	United Arab Emirates	0.000	0.000	0.000	0.000	0.000	0.000	0.000	0.000	0.000	0.000	0.000	0.000	0.000	0.000	0.000	0.000	0.000	0.000	0.000	0.000	0.000	25.25%	20.39%	20.22%
826	United Kingdom	2.731	4.658	4.168	3.448	5.882	5.263	47.207	80.529	72.053	2145931.034	3660705.882	3275368.421	83.848	143.035	127.978	54.793	93.471	83.632	3.873	6.608	5.912	44.85%	50.00%	48.60%
834	United Republic of Tanzania	0.000	0.000	0.000	0.000	0.000	0.000	0.000	0.000	0.000	0.000	0.000	0.000	0.000	0.000	0.000	0.000	0.000	0.000	0.000	0.000	0.000	3.65%	3.95%	3.09%
840	United States	1.693	2.686	2.686	2.174	3.448	3.448	182.196	289.000	289.000	6724978.261	10667206.897	10667206.897	328.130	520.483	520.483	221.739	351.724	351.724	4.169	6.613	6.613	19.93%	15.13%	16.01%
581	United States Minor Outlying Islands																								
850	United States Virgin Islands																								
858	Uruguay	0.000	0.000	0.000	0.000	0.000	0.000	0.000	0.000	0.000	0.000	0.000	0.000	0.000	0.000	0.000	0.000	0.000	0.000	0.000	0.000	0.000	1.66%	3.29%	4.49%
860	Uzbekistan	67.000	0.000	22.333	82.000	0.000	27.333	325.000	0.000	108.333	28228000.000	0.000	9409333.333	45.359	0.000	15.120	319.000	0.000	106.333	10.960	0.000	3.653	25.25%	20.39%	20.22%
548	Vanuatu	0.000	0.000	0.000	0.000	0.000	0.000	0.000	0.000	0.000	0.000	0.000	0.000	0.000	0.000	0.000	0.000	0.000	0.000	0.000	0.000	0.000	4.65%	6.25%	5.06%
862	Venezuela	N/A	N/A	N/A	83.000	0.000	0.000	396.000	0.000	0.000	28834000.000	0.000	0.000	316.482	0.000	0.000	293.000	0.000	0.000	98.630	0.000	0.000	4.65%	6.25%	5.06%
704	Vietnam	0.000	0.000	0.000	0.000	0.000	0.000	0.000	0.000	0.000	0.000	0.000	0.000	0.000	0.000	0.000	0.000	0.000	0.000	0.000	0.000	0.000	25.25%	20.39%	20.22%
876	Wallis and Futuna Islands																								
732	Western Sahara																								
887	Yemen	0.000	0.000	0.000	0.000	0.000	0.000	0.000	0.000	0.000	0.000	0.000	0.000	0.000	0.000	0.000	0.000	0.000	0.000	0.000	0.000	0.000	25.25%	20.39%	20.22%
894	Zambia	0.000	0.000	0.000	0.000	0.000	0.000	0.000	0.000	0.000	0.000	0.000	0.000	0.000	0.000	0.000	0.000	0.000	0.000	0.000	0.000	0.000	3.65%	3.95%	3.09%
716	Zimbabwe	0.000	0.000	0.000	0.000	0.000	0.000	0.000	0.000	0.000	0.000	0.000	0.000	0.000	0.000	0.000	0.000	0.000	0.000	0.000	0.000	0.000	3.65%	3.95%	3.09%
